연도,월,전국PIR,서울PIR,부산PIR,대구PIR,인천PIR,광주PIR,대전PIR,울산PIR,세종PIR,경기PIR,강원PIR,충북PIR,충남PIR,전북PIR,전남PIR,경북PIR,경남PIR,제주PIR,전국LIR,서울LIR,부산LIR,대구LIR,인천LIR,광주LIR,대전LIR,울산LIR,세종LIR,경기LIR,강원LIR,충북LIR,충남LIR,전북LIR,전남LIR,경북LIR,경남LIR,제주LIR
2004,3,4.21 ,4.87 ,3.95 ,3.73 ,4.65 ,2.80 ,4.68 ,2.66 ,0.00 ,4.19 ,3.27 ,2.62 ,2.17 ,2.89 ,2.12 ,2.12 ,3.81 ,2.99 ,2.36 ,2.60 ,2.35 ,2.24 ,2.70 ,1.59 ,2.26 ,1.67 ,0.00 ,2.43 ,1.90 ,1.53 ,1.21 ,1.76 ,1.42 ,1.31 ,2.06 ,1.28 
2004,4,4.18 ,5.28 ,3.74 ,3.85 ,4.36 ,2.76 ,3.79 ,2.60 ,0.00 ,4.83 ,2.10 ,2.74 ,3.10 ,2.59 ,2.26 ,2.28 ,3.18 ,4.72 ,2.27 ,2.65 ,2.10 ,2.11 ,2.49 ,1.59 ,2.12 ,1.51 ,0.00 ,2.66 ,1.18 ,1.58 ,1.81 ,1.51 ,1.30 ,1.25 ,1.75 ,2.46 
2004,5,4.06 ,4.86 ,4.27 ,3.76 ,4.26 ,3.24 ,4.17 ,2.91 ,0.00 ,4.17 ,2.48 ,2.86 ,3.07 ,2.84 ,2.14 ,2.66 ,3.01 ,3.94 ,2.17 ,2.38 ,2.41 ,1.91 ,2.48 ,1.78 ,2.36 ,1.62 ,0.00 ,2.26 ,1.43 ,1.68 ,1.79 ,1.70 ,1.26 ,1.51 ,1.69 ,2.14 
2004,6,4.46 ,5.91 ,4.25 ,3.81 ,4.37 ,2.83 ,4.23 ,2.71 ,0.00 ,5.08 ,2.62 ,2.74 ,3.31 ,2.80 ,2.32 ,2.67 ,3.23 ,2.99 ,2.44 ,2.98 ,2.48 ,2.16 ,2.47 ,1.59 ,2.34 ,1.54 ,0.00 ,2.78 ,1.56 ,1.57 ,1.79 ,1.63 ,1.33 ,1.56 ,1.89 ,1.81 
2004,7,4.49 ,6.15 ,4.51 ,4.28 ,4.88 ,3.33 ,4.46 ,2.57 ,0.00 ,4.70 ,2.74 ,3.26 ,3.92 ,2.67 ,2.59 ,2.62 ,3.36 ,4.25 ,2.47 ,3.14 ,2.45 ,2.21 ,2.84 ,1.87 ,2.53 ,1.50 ,0.00 ,2.62 ,1.69 ,1.94 ,2.24 ,1.63 ,1.55 ,1.50 ,1.95 ,2.31 
2004,8,4.80 ,6.75 ,4.37 ,4.40 ,4.42 ,3.20 ,4.32 ,3.06 ,1.15 ,5.42 ,3.04 ,3.09 ,3.78 ,2.61 ,2.73 ,2.63 ,3.58 ,3.50 ,2.61 ,3.26 ,2.51 ,2.41 ,2.53 ,1.86 ,2.58 ,1.82 ,0.80 ,2.99 ,1.76 ,1.80 ,2.20 ,1.55 ,1.60 ,1.54 ,2.10 ,1.60 
2004,9,4.61 ,6.11 ,4.14 ,4.82 ,4.71 ,3.35 ,4.58 ,2.96 ,0.00 ,5.50 ,2.87 ,2.91 ,4.36 ,2.91 ,2.35 ,2.77 ,3.42 ,3.52 ,2.61 ,3.23 ,2.39 ,2.67 ,2.76 ,1.96 ,2.64 ,1.70 ,0.00 ,3.13 ,1.68 ,1.78 ,2.29 ,1.74 ,1.41 ,1.65 ,2.00 ,2.15 
2004,10,4.50 ,6.43 ,4.72 ,4.35 ,4.19 ,3.19 ,4.14 ,2.72 ,0.00 ,5.07 ,2.95 ,2.80 ,4.57 ,2.91 ,2.39 ,2.86 ,3.56 ,7.26 ,2.59 ,3.48 ,2.83 ,2.47 ,2.43 ,1.87 ,2.44 ,1.58 ,0.00 ,2.96 ,1.72 ,1.72 ,2.53 ,1.72 ,1.44 ,1.70 ,2.04 ,4.35 
2004,11,4.55 ,6.20 ,4.49 ,3.76 ,4.57 ,3.33 ,5.07 ,3.07 ,0.00 ,5.11 ,3.24 ,3.19 ,4.24 ,3.09 ,2.53 ,2.74 ,3.77 ,4.57 ,2.61 ,3.36 ,2.65 ,2.11 ,2.74 ,1.92 ,2.85 ,1.86 ,0.00 ,2.93 ,1.97 ,1.94 ,2.61 ,1.90 ,1.44 ,1.63 ,2.15 ,2.73 
2004,12,4.81 ,6.09 ,4.77 ,4.37 ,4.29 ,3.40 ,4.65 ,2.95 ,0.00 ,5.55 ,3.21 ,3.16 ,4.65 ,3.06 ,2.59 ,2.92 ,4.00 ,6.15 ,2.77 ,3.27 ,2.80 ,2.52 ,2.56 ,2.05 ,2.77 ,1.81 ,0.00 ,3.22 ,1.89 ,1.90 ,2.72 ,1.86 ,1.60 ,1.76 ,2.40 ,3.57 
2005,1,4.40 ,6.70 ,4.45 ,4.34 ,3.83 ,3.37 ,3.23 ,2.58 ,0.00 ,5.01 ,3.27 ,3.62 ,4.33 ,3.01 ,2.52 ,2.76 ,3.46 ,3.87 ,2.54 ,3.67 ,2.66 ,2.45 ,2.28 ,1.97 ,1.90 ,1.54 ,0.00 ,2.90 ,1.98 ,2.07 ,2.70 ,1.79 ,1.46 ,1.67 ,2.03 ,2.30 
2005,2,4.04 ,6.34 ,3.58 ,4.10 ,2.31 ,1.68 ,4.35 ,2.80 ,0.00 ,4.81 ,3.18 ,3.09 ,3.84 ,2.60 ,2.11 ,2.62 ,3.25 ,4.65 ,2.29 ,3.37 ,2.10 ,2.33 ,1.35 ,0.99 ,2.56 ,1.65 ,0.00 ,2.72 ,1.89 ,1.86 ,2.29 ,1.56 ,1.26 ,1.53 ,1.87 ,2.79 
2005,3,4.17 ,5.90 ,3.58 ,4.08 ,2.37 ,2.83 ,4.40 ,2.84 ,0.00 ,4.87 ,3.02 ,3.21 ,3.97 ,2.73 ,2.34 ,2.59 ,3.61 ,3.26 ,2.37 ,3.16 ,2.13 ,2.29 ,1.43 ,1.68 ,2.62 ,1.73 ,0.00 ,2.74 ,1.85 ,1.87 ,2.32 ,1.64 ,1.44 ,1.52 ,2.10 ,1.86 
2005,4,4.23 ,6.15 ,4.01 ,4.47 ,2.75 ,2.92 ,3.13 ,2.55 ,0.00 ,4.85 ,2.88 ,2.96 ,3.99 ,2.65 ,2.27 ,2.77 ,3.43 ,5.74 ,2.46 ,3.47 ,2.43 ,2.59 ,1.66 ,1.74 ,1.90 ,1.54 ,0.00 ,2.81 ,1.68 ,1.77 ,2.31 ,1.58 ,1.40 ,1.65 ,2.05 ,3.46 
2005,5,4.30 ,5.90 ,4.13 ,4.19 ,3.87 ,3.04 ,4.35 ,2.86 ,0.00 ,5.12 ,2.93 ,3.14 ,1.93 ,2.67 ,2.27 ,2.52 ,3.31 ,1.72 ,2.55 ,3.31 ,2.56 ,2.33 ,2.38 ,1.90 ,2.59 ,1.77 ,0.00 ,3.04 ,1.78 ,1.86 ,1.16 ,1.67 ,1.42 ,1.53 ,2.01 ,1.02 
2005,6,4.47 ,6.44 ,4.09 ,4.30 ,3.63 ,3.36 ,4.28 ,2.71 ,0.00 ,5.09 ,3.49 ,3.44 ,4.04 ,2.86 ,2.87 ,2.66 ,3.22 ,4.46 ,2.63 ,3.61 ,2.49 ,2.44 ,2.23 ,2.02 ,2.58 ,1.69 ,0.00 ,3.00 ,2.14 ,2.10 ,2.49 ,1.77 ,1.70 ,1.58 ,1.94 ,2.72 
2005,7,4.19 ,5.78 ,4.00 ,3.98 ,3.92 ,2.72 ,2.28 ,2.69 ,0.00 ,4.82 ,3.39 ,3.52 ,3.77 ,3.17 ,2.46 ,2.59 ,3.46 ,4.45 ,2.50 ,3.32 ,2.46 ,2.41 ,2.37 ,1.65 ,1.35 ,1.67 ,0.00 ,2.88 ,2.10 ,2.12 ,2.31 ,1.92 ,1.54 ,1.56 ,2.10 ,2.58 
2005,8,3.91 ,5.95 ,4.16 ,2.68 ,2.17 ,2.40 ,4.08 ,2.66 ,0.00 ,4.67 ,3.05 ,3.07 ,3.62 ,2.75 ,2.01 ,2.66 ,3.43 ,3.74 ,2.36 ,3.44 ,2.56 ,1.54 ,1.33 ,1.49 ,2.54 ,1.62 ,0.00 ,2.83 ,1.90 ,1.91 ,2.24 ,1.72 ,1.26 ,1.67 ,2.15 ,2.25 
2005,9,3.98 ,5.65 ,3.44 ,4.30 ,4.23 ,3.38 ,1.27 ,3.00 ,0.00 ,4.83 ,2.86 ,3.31 ,3.82 ,2.62 ,2.65 ,2.77 ,3.27 ,5.38 ,2.39 ,3.21 ,2.09 ,2.55 ,2.66 ,2.07 ,0.79 ,1.76 ,0.00 ,2.92 ,1.81 ,2.03 ,2.33 ,1.60 ,1.64 ,1.67 ,2.05 ,2.94 
2005,10,4.11 ,5.18 ,3.99 ,3.85 ,4.25 ,3.38 ,4.35 ,3.41 ,0.00 ,4.38 ,3.62 ,3.22 ,3.99 ,2.61 ,2.47 ,2.74 ,3.43 ,5.66 ,2.49 ,3.01 ,2.49 ,2.34 ,2.65 ,2.08 ,2.61 ,2.05 ,0.00 ,2.67 ,2.14 ,1.92 ,2.48 ,1.57 ,1.52 ,1.68 ,2.11 ,3.40 
2005,11,3.92 ,5.10 ,3.92 ,4.81 ,3.98 ,3.00 ,3.55 ,2.77 ,0.00 ,4.25 ,3.02 ,3.08 ,4.28 ,2.65 ,2.85 ,2.71 ,3.53 ,2.92 ,2.42 ,2.93 ,2.47 ,2.83 ,2.52 ,1.80 ,2.24 ,1.69 ,0.00 ,2.67 ,1.82 ,1.94 ,2.62 ,1.71 ,1.84 ,1.70 ,2.20 ,1.86 
2005,12,3.96 ,4.63 ,3.94 ,3.87 ,4.51 ,2.84 ,3.99 ,2.77 ,0.00 ,4.68 ,3.48 ,3.01 ,3.92 ,2.82 ,2.89 ,3.04 ,3.27 ,4.23 ,2.45 ,2.77 ,2.42 ,2.40 ,2.95 ,1.74 ,2.54 ,1.70 ,0.00 ,2.89 ,2.12 ,1.91 ,2.51 ,1.75 ,1.87 ,1.85 ,2.02 ,2.28 
2006,1,4.26 ,6.67 ,3.75 ,3.42 ,3.41 ,3.41 ,4.47 ,3.11 ,0.00 ,5.10 ,3.13 ,2.85 ,3.99 ,2.93 ,2.70 ,3.05 ,3.54 ,2.61 ,2.65 ,3.92 ,2.43 ,2.24 ,2.17 ,2.10 ,2.81 ,2.03 ,0.00 ,3.17 ,1.69 ,1.87 ,2.59 ,1.81 ,1.74 ,1.93 ,2.22 ,1.35 
2006,2,3.88 ,6.39 ,3.30 ,3.95 ,4.37 ,3.10 ,2.94 ,2.42 ,0.00 ,4.44 ,2.80 ,2.92 ,3.48 ,2.83 ,2.24 ,2.56 ,3.17 ,2.26 ,2.42 ,3.63 ,2.16 ,2.40 ,2.81 ,1.95 ,1.92 ,1.54 ,0.00 ,2.79 ,1.82 ,1.85 ,2.27 ,1.83 ,1.43 ,1.66 ,1.99 ,1.20 
2006,3,3.91 ,5.31 ,3.74 ,4.28 ,3.73 ,3.18 ,3.72 ,2.86 ,0.00 ,4.38 ,2.45 ,3.01 ,3.51 ,3.10 ,2.33 ,2.60 ,3.32 ,6.18 ,2.44 ,2.99 ,2.45 ,2.60 ,2.42 ,2.04 ,2.48 ,1.76 ,0.00 ,2.80 ,1.59 ,1.85 ,2.23 ,1.97 ,1.46 ,1.66 ,2.14 ,4.07 
2006,4,3.48 ,5.04 ,3.72 ,3.86 ,2.66 ,2.61 ,3.50 ,2.99 ,0.00 ,3.65 ,2.82 ,2.62 ,3.48 ,2.53 ,2.20 ,2.89 ,3.01 ,4.80 ,2.18 ,2.86 ,2.45 ,2.41 ,1.75 ,1.74 ,2.24 ,1.85 ,0.00 ,2.34 ,1.75 ,1.69 ,2.18 ,1.61 ,1.42 ,1.73 ,1.87 ,3.35 
2006,5,3.77 ,4.97 ,3.41 ,4.06 ,3.77 ,3.00 ,3.96 ,2.82 ,0.00 ,4.32 ,3.42 ,3.01 ,2.97 ,2.27 ,2.23 ,2.79 ,3.26 ,9.59 ,2.37 ,3.01 ,2.22 ,2.42 ,2.46 ,1.94 ,2.51 ,1.75 ,0.00 ,2.74 ,1.91 ,1.82 ,1.87 ,1.46 ,1.41 ,1.68 ,2.12 ,5.61 
2006,6,3.82 ,5.22 ,3.37 ,4.03 ,4.22 ,2.64 ,3.91 ,2.53 ,0.00 ,4.50 ,3.67 ,3.14 ,3.14 ,2.59 ,2.91 ,2.64 ,3.03 ,2.79 ,2.34 ,3.02 ,2.14 ,2.40 ,2.78 ,1.69 ,2.43 ,1.43 ,0.00 ,2.76 ,2.15 ,1.96 ,2.00 ,1.71 ,1.78 ,1.68 ,1.94 ,1.94 
2006,7,4.35 ,5.94 ,3.75 ,3.98 ,4.24 ,2.92 ,3.97 ,3.09 ,0.00 ,4.95 ,3.32 ,3.08 ,3.16 ,3.35 ,2.50 ,2.87 ,3.35 ,15.05 ,2.43 ,2.90 ,2.27 ,2.32 ,2.53 ,1.86 ,2.26 ,1.81 ,0.00 ,2.75 ,1.91 ,1.85 ,1.94 ,1.98 ,1.45 ,1.81 ,2.02 ,6.45 
2006,8,4.41 ,5.68 ,3.82 ,4.26 ,4.19 ,3.35 ,3.34 ,3.15 ,0.00 ,4.96 ,3.52 ,2.85 ,3.90 ,2.52 ,2.54 ,2.96 ,3.03 ,3.05 ,2.48 ,2.95 ,2.22 ,2.33 ,2.53 ,2.05 ,1.90 ,1.91 ,0.00 ,2.77 ,2.15 ,1.83 ,2.39 ,1.46 ,1.53 ,1.91 ,1.89 ,1.58 
2006,9,4.43 ,5.65 ,3.94 ,4.37 ,4.44 ,3.32 ,4.13 ,2.91 ,0.00 ,4.85 ,2.95 ,3.49 ,4.18 ,3.43 ,2.45 ,3.07 ,3.05 ,6.73 ,2.53 ,3.00 ,2.43 ,2.56 ,2.59 ,2.09 ,2.42 ,1.74 ,0.00 ,2.72 ,1.87 ,2.26 ,2.49 ,2.14 ,1.56 ,1.94 ,1.86 ,4.66 
2006,10,4.41 ,5.53 ,4.09 ,4.50 ,4.68 ,2.84 ,3.94 ,2.61 ,0.00 ,4.83 ,3.73 ,3.04 ,3.99 ,2.74 ,2.43 ,2.59 ,3.51 ,5.37 ,2.56 ,2.96 ,2.56 ,2.47 ,2.93 ,1.86 ,2.48 ,1.61 ,0.00 ,2.76 ,2.37 ,1.77 ,2.49 ,1.73 ,1.55 ,1.65 ,2.16 ,3.67 
2006,11,4.38 ,5.89 ,3.41 ,4.08 ,4.60 ,3.58 ,3.62 ,2.95 ,0.00 ,4.75 ,3.26 ,2.73 ,3.66 ,3.47 ,2.00 ,2.88 ,2.95 ,6.69 ,2.45 ,2.97 ,2.16 ,2.39 ,2.68 ,2.26 ,2.34 ,1.88 ,0.00 ,2.54 ,2.08 ,1.72 ,2.45 ,1.99 ,1.28 ,1.76 ,1.92 ,4.15 
2006,12,4.67 ,5.72 ,3.86 ,3.99 ,4.54 ,2.96 ,3.89 ,3.22 ,0.00 ,5.25 ,3.44 ,3.35 ,4.18 ,2.89 ,2.24 ,2.83 ,3.75 ,2.31 ,2.42 ,2.75 ,2.33 ,2.08 ,2.43 ,1.77 ,1.93 ,1.65 ,0.00 ,2.66 ,2.07 ,1.86 ,2.57 ,1.72 ,1.42 ,1.54 ,2.06 ,1.28 
2007,1,4.99 ,5.96 ,4.06 ,4.29 ,4.73 ,3.24 ,4.16 ,3.04 ,0.00 ,5.80 ,3.52 ,3.61 ,3.93 ,2.88 ,1.87 ,2.89 ,3.44 ,3.50 ,2.30 ,2.46 ,2.23 ,2.22 ,2.38 ,1.85 ,2.06 ,1.70 ,0.00 ,2.55 ,1.87 ,1.89 ,2.10 ,1.60 ,1.15 ,1.57 ,1.82 ,1.56 
2007,2,4.73 ,5.86 ,3.50 ,4.05 ,4.74 ,3.01 ,4.06 ,2.93 ,0.00 ,5.34 ,3.01 ,3.12 ,3.43 ,3.01 ,2.55 ,3.03 ,3.20 ,3.08 ,2.27 ,2.57 ,2.00 ,2.03 ,2.40 ,1.75 ,2.06 ,1.57 ,0.00 ,2.48 ,1.66 ,1.79 ,1.90 ,1.73 ,1.45 ,1.64 ,1.72 ,1.56 
2007,3,4.74 ,6.27 ,3.40 ,4.10 ,4.73 ,2.68 ,4.18 ,2.85 ,0.00 ,5.34 ,3.20 ,3.34 ,3.62 ,3.28 ,2.05 ,2.88 ,3.18 ,3.38 ,2.28 ,2.77 ,1.92 ,2.16 ,2.32 ,1.50 ,2.12 ,1.59 ,0.00 ,2.47 ,1.82 ,1.93 ,2.05 ,1.89 ,1.20 ,1.60 ,1.76 ,1.84 
2007,4,4.59 ,5.97 ,3.20 ,4.30 ,4.44 ,3.02 ,3.86 ,2.84 ,0.00 ,5.07 ,2.87 ,3.39 ,4.03 ,2.99 ,2.42 ,2.90 ,3.25 ,4.73 ,2.33 ,2.91 ,1.84 ,2.10 ,2.44 ,1.75 ,1.99 ,1.48 ,0.00 ,2.49 ,1.62 ,1.78 ,2.17 ,1.57 ,1.51 ,1.59 ,1.83 ,2.28 
2007,5,4.74 ,6.20 ,3.50 ,3.18 ,4.75 ,2.69 ,4.24 ,3.05 ,0.00 ,5.29 ,3.34 ,3.19 ,3.86 ,2.84 ,2.68 ,2.54 ,3.21 ,3.36 ,2.37 ,2.84 ,1.90 ,1.67 ,2.55 ,1.52 ,2.24 ,1.72 ,0.00 ,2.60 ,1.91 ,1.72 ,2.27 ,1.66 ,1.46 ,1.41 ,1.72 ,2.00 
2007,6,4.86 ,5.89 ,3.65 ,4.46 ,4.61 ,3.08 ,3.81 ,3.09 ,0.00 ,5.60 ,4.16 ,3.17 ,4.08 ,3.07 ,2.67 ,2.90 ,3.15 ,3.66 ,2.40 ,2.72 ,2.06 ,2.14 ,2.55 ,1.74 ,2.10 ,1.68 ,0.00 ,2.66 ,2.19 ,1.65 ,2.16 ,1.52 ,1.54 ,1.58 ,1.64 ,1.78 
2007,7,5.27 ,6.63 ,3.84 ,4.58 ,5.45 ,3.41 ,4.08 ,3.22 ,0.00 ,5.88 ,4.26 ,3.33 ,3.70 ,3.31 ,2.18 ,3.24 ,3.42 ,4.21 ,2.57 ,3.02 ,2.11 ,2.19 ,2.86 ,1.85 ,2.15 ,1.69 ,0.00 ,2.80 ,2.18 ,1.84 ,2.04 ,1.83 ,1.33 ,1.69 ,1.82 ,2.64 
2007,8,5.31 ,6.67 ,3.92 ,4.63 ,4.80 ,3.01 ,4.15 ,3.05 ,0.00 ,5.91 ,3.25 ,3.27 ,4.03 ,2.66 ,3.43 ,3.06 ,3.41 ,3.51 ,2.60 ,3.00 ,2.19 ,2.26 ,2.65 ,1.79 ,2.06 ,1.72 ,0.00 ,2.83 ,1.90 ,1.97 ,2.04 ,1.50 ,1.82 ,1.60 ,1.92 ,1.45 
2007,9,5.16 ,6.45 ,3.74 ,4.33 ,5.06 ,3.46 ,3.83 ,3.12 ,0.00 ,5.78 ,3.67 ,3.34 ,3.67 ,3.46 ,2.80 ,3.00 ,2.99 ,2.90 ,2.56 ,2.91 ,2.14 ,2.10 ,2.68 ,1.97 ,2.02 ,1.62 ,0.00 ,2.87 ,1.93 ,1.87 ,1.91 ,1.91 ,1.63 ,1.66 ,1.69 ,1.44 
2007,10,5.20 ,6.39 ,3.72 ,4.55 ,5.30 ,3.74 ,3.95 ,3.53 ,0.00 ,5.67 ,3.24 ,3.09 ,4.03 ,3.01 ,2.57 ,3.01 ,3.47 ,5.24 ,2.64 ,3.00 ,2.11 ,2.28 ,2.85 ,2.22 ,2.10 ,1.82 ,0.00 ,2.84 ,1.79 ,1.82 ,2.27 ,1.73 ,1.53 ,1.64 ,1.82 ,2.27 
2007,11,4.96 ,6.18 ,3.92 ,3.84 ,5.42 ,3.29 ,2.37 ,3.22 ,0.00 ,5.68 ,3.04 ,3.06 ,3.21 ,3.53 ,2.40 ,2.72 ,3.28 ,5.08 ,2.53 ,2.85 ,2.17 ,2.00 ,2.97 ,1.94 ,1.33 ,1.65 ,0.00 ,2.86 ,1.81 ,1.82 ,1.85 ,2.06 ,1.47 ,1.39 ,1.80 ,3.05 
2007,12,4.34 ,5.44 ,3.85 ,1.86 ,4.74 ,3.18 ,2.11 ,3.23 ,0.00 ,5.36 ,2.76 ,2.75 ,3.38 ,2.78 ,2.30 ,2.62 ,3.14 ,2.70 ,2.06 ,2.40 ,2.08 ,0.87 ,2.40 ,1.74 ,1.03 ,1.71 ,0.00 ,2.46 ,1.45 ,1.47 ,1.80 ,1.51 ,1.29 ,1.36 ,1.61 ,1.51 
2008,1,3.98 ,4.63 ,3.34 ,3.31 ,4.52 ,2.85 ,2.58 ,2.93 ,0.00 ,4.64 ,2.35 ,2.66 ,3.25 ,2.65 ,1.90 ,2.01 ,3.05 ,2.50 ,1.85 ,1.96 ,1.72 ,1.56 ,2.21 ,1.57 ,1.23 ,1.62 ,0.00 ,2.09 ,1.32 ,1.40 ,1.69 ,1.31 ,1.04 ,0.98 ,1.55 ,1.26 
2008,2,3.85 ,4.28 ,2.95 ,3.22 ,4.19 ,2.90 ,2.43 ,2.47 ,0.00 ,4.44 ,2.35 ,2.62 ,3.04 ,2.03 ,1.99 ,2.48 ,2.98 ,2.15 ,1.85 ,1.93 ,1.63 ,1.61 ,2.13 ,1.59 ,1.17 ,1.36 ,0.00 ,2.08 ,1.27 ,1.46 ,1.63 ,1.12 ,1.11 ,1.33 ,1.59 ,1.25 
2008,3,3.96 ,4.54 ,3.02 ,3.30 ,4.46 ,3.12 ,2.37 ,2.67 ,0.00 ,4.39 ,2.49 ,2.41 ,2.97 ,2.08 ,2.93 ,2.13 ,2.89 ,1.64 ,1.98 ,2.05 ,1.64 ,1.65 ,2.35 ,1.78 ,1.26 ,1.46 ,0.00 ,2.20 ,1.42 ,1.35 ,1.65 ,1.14 ,1.82 ,1.21 ,1.56 ,0.84 
2008,4,4.15 ,5.14 ,2.50 ,3.73 ,4.63 ,2.53 ,2.62 ,2.88 ,0.00 ,4.69 ,2.73 ,2.54 ,3.01 ,2.56 ,2.42 ,2.11 ,2.94 ,3.91 ,2.05 ,2.26 ,1.33 ,1.77 ,2.47 ,1.41 ,1.37 ,1.52 ,0.00 ,2.35 ,1.49 ,1.42 ,1.65 ,1.47 ,1.32 ,1.10 ,1.53 ,1.30 
2008,5,4.38 ,5.12 ,3.19 ,1.02 ,5.10 ,3.08 ,2.04 ,2.97 ,0.00 ,5.06 ,3.36 ,2.62 ,3.30 ,2.28 ,1.76 ,2.38 ,3.04 ,3.27 ,2.15 ,2.31 ,1.71 ,0.53 ,2.56 ,1.68 ,1.07 ,1.64 ,0.00 ,2.51 ,1.70 ,1.56 ,1.86 ,1.21 ,1.14 ,1.42 ,1.61 ,2.03 
2008,6,4.72 ,5.44 ,3.28 ,3.50 ,4.87 ,2.48 ,2.52 ,3.13 ,0.00 ,5.09 ,2.70 ,2.57 ,3.01 ,2.76 ,1.65 ,2.64 ,3.18 ,1.80 ,2.28 ,2.40 ,1.81 ,1.82 ,2.44 ,1.44 ,1.39 ,1.55 ,0.00 ,2.50 ,1.44 ,1.65 ,1.63 ,1.47 ,0.88 ,1.32 ,1.64 ,0.90 
2008,7,4.62 ,5.52 ,3.12 ,4.49 ,4.25 ,3.16 ,2.30 ,3.27 ,0.00 ,4.98 ,3.30 ,2.26 ,3.10 ,2.51 ,1.83 ,2.15 ,3.02 ,10.79 ,2.15 ,2.30 ,1.67 ,2.05 ,2.04 ,1.78 ,1.22 ,1.69 ,0.00 ,2.37 ,1.61 ,1.22 ,1.62 ,1.28 ,1.14 ,1.05 ,1.52 ,6.13 
2008,8,4.96 ,6.08 ,3.51 ,4.09 ,5.54 ,3.17 ,2.04 ,3.05 ,0.00 ,5.27 ,2.93 ,2.97 ,2.99 ,2.71 ,3.23 ,2.94 ,2.83 ,6.24 ,2.23 ,2.47 ,1.80 ,1.98 ,2.53 ,1.66 ,1.05 ,1.46 ,0.00 ,2.38 ,1.59 ,1.50 ,1.54 ,1.43 ,1.95 ,1.49 ,1.43 ,3.07 
2008,9,4.80 ,6.03 ,3.55 ,4.33 ,5.54 ,2.72 ,2.22 ,3.21 ,0.00 ,5.37 ,2.72 ,3.06 ,2.47 ,2.65 ,2.56 ,2.68 ,2.78 ,6.53 ,2.17 ,2.45 ,1.76 ,1.98 ,2.58 ,1.52 ,0.98 ,1.67 ,0.00 ,2.42 ,1.56 ,1.46 ,1.24 ,1.39 ,1.63 ,1.35 ,1.41 ,2.44 
2008,10,4.75 ,5.85 ,3.40 ,4.76 ,5.62 ,3.48 ,2.75 ,3.37 ,0.00 ,5.61 ,4.25 ,3.57 ,3.40 ,3.53 ,3.14 ,2.98 ,3.08 ,3.73 ,2.29 ,2.52 ,1.63 ,2.28 ,2.80 ,1.69 ,1.37 ,1.80 ,0.00 ,2.73 ,2.16 ,1.81 ,1.63 ,1.86 ,1.73 ,1.62 ,1.61 ,2.00 
2008,11,4.80 ,6.59 ,3.76 ,4.81 ,6.17 ,3.10 ,3.87 ,3.90 ,0.00 ,5.81 ,3.07 ,3.34 ,4.05 ,3.02 ,3.29 ,3.73 ,3.32 ,2.18 ,2.47 ,3.08 ,1.98 ,2.51 ,3.29 ,1.66 ,1.85 ,2.15 ,0.00 ,2.96 ,1.61 ,1.70 ,2.17 ,1.58 ,2.10 ,1.83 ,1.76 ,1.11 
2008,12,3.83 ,5.19 ,3.48 ,4.94 ,3.91 ,3.92 ,2.05 ,3.08 ,0.00 ,4.72 ,3.94 ,2.85 ,3.56 ,2.32 ,2.46 ,2.65 ,2.99 ,2.46 ,1.91 ,1.98 ,2.06 ,2.12 ,1.77 ,2.11 ,1.18 ,1.65 ,0.00 ,2.32 ,2.29 ,1.50 ,2.05 ,1.26 ,1.61 ,1.65 ,1.69 ,0.80 
2009,1,3.95 ,4.87 ,2.82 ,3.60 ,4.53 ,3.10 ,2.08 ,3.80 ,0.00 ,4.69 ,0.99 ,1.96 ,2.67 ,2.75 ,2.86 ,2.52 ,3.54 ,4.24 ,1.78 ,1.52 ,1.74 ,1.70 ,1.89 ,1.61 ,1.10 ,1.72 ,0.00 ,2.09 ,0.68 ,0.81 ,1.58 ,1.60 ,1.34 ,1.71 ,1.85 ,2.30 
2009,2,4.16 ,5.74 ,3.41 ,2.89 ,3.92 ,3.11 ,2.42 ,3.83 ,0.00 ,5.18 ,2.51 ,3.80 ,3.08 ,2.15 ,2.64 ,2.45 ,3.08 ,1.92 ,2.04 ,2.34 ,1.97 ,1.43 ,1.84 ,1.77 ,1.43 ,2.03 ,0.00 ,2.50 ,1.71 ,1.74 ,1.73 ,1.26 ,1.39 ,1.41 ,1.65 ,1.27 
2009,3,5.16 ,7.23 ,3.41 ,3.86 ,5.50 ,2.74 ,2.29 ,3.52 ,0.00 ,6.14 ,3.40 ,5.02 ,3.20 ,2.15 ,2.47 ,1.35 ,3.33 ,2.26 ,2.40 ,3.01 ,1.83 ,2.15 ,2.75 ,1.47 ,1.29 ,1.73 ,0.00 ,2.80 ,1.74 ,2.11 ,1.82 ,1.10 ,1.60 ,0.79 ,1.83 ,1.29 
2009,4,5.60 ,7.67 ,3.96 ,3.95 ,6.09 ,3.71 ,3.55 ,3.20 ,0.00 ,6.23 ,3.96 ,4.37 ,3.83 ,3.13 ,2.29 ,2.79 ,3.80 ,3.43 ,2.58 ,3.23 ,2.00 ,2.07 ,2.92 ,1.96 ,1.74 ,1.51 ,0.00 ,2.85 ,2.06 ,1.88 ,1.94 ,1.80 ,1.11 ,1.52 ,1.96 ,1.43 
2009,5,5.56 ,7.57 ,4.18 ,3.28 ,5.81 ,3.64 ,3.31 ,3.35 ,0.00 ,6.18 ,4.17 ,5.25 ,4.48 ,2.73 ,2.58 ,3.08 ,3.68 ,3.43 ,2.54 ,3.22 ,2.12 ,1.52 ,2.61 ,2.03 ,1.80 ,1.64 ,0.00 ,2.76 ,2.20 ,2.44 ,2.15 ,1.51 ,1.18 ,1.84 ,1.88 ,2.10 
2009,6,5.53 ,7.54 ,4.02 ,3.99 ,5.99 ,3.88 ,3.99 ,3.35 ,0.00 ,6.05 ,3.26 ,4.13 ,4.36 ,3.18 ,2.60 ,3.32 ,3.68 ,5.03 ,2.53 ,3.06 ,2.09 ,2.08 ,2.84 ,2.10 ,2.00 ,1.65 ,0.00 ,2.73 ,1.68 ,2.11 ,2.34 ,1.64 ,1.37 ,1.74 ,1.83 ,3.50 
2009,7,5.33 ,7.70 ,4.15 ,3.92 ,5.61 ,3.91 ,3.95 ,3.01 ,0.00 ,5.87 ,3.37 ,3.87 ,3.98 ,3.52 ,2.65 ,3.02 ,3.63 ,2.85 ,2.49 ,3.13 ,2.18 ,2.08 ,2.73 ,2.10 ,2.04 ,1.49 ,0.00 ,2.72 ,1.92 ,2.24 ,2.15 ,1.86 ,1.31 ,1.63 ,1.85 ,1.67 
2009,8,5.48 ,7.32 ,4.34 ,4.22 ,5.77 ,4.02 ,3.80 ,3.34 ,0.00 ,6.00 ,3.68 ,3.94 ,4.17 ,3.32 ,3.46 ,3.54 ,3.53 ,3.47 ,2.54 ,2.94 ,2.23 ,1.93 ,2.71 ,2.13 ,1.97 ,1.73 ,0.00 ,2.82 ,2.05 ,2.10 ,2.28 ,1.63 ,1.70 ,1.81 ,1.85 ,1.95 
2009,9,5.65 ,7.52 ,4.30 ,4.03 ,6.15 ,3.58 ,4.13 ,3.44 ,0.00 ,6.13 ,3.73 ,3.72 ,4.34 ,3.38 ,3.91 ,3.57 ,3.64 ,4.95 ,2.55 ,2.88 ,2.22 ,2.01 ,2.81 ,2.00 ,2.03 ,1.76 ,0.00 ,2.81 ,1.93 ,1.88 ,2.27 ,1.70 ,2.10 ,1.85 ,1.89 ,2.02 
2009,10,5.95 ,7.95 ,4.13 ,4.28 ,6.58 ,3.91 ,4.04 ,3.20 ,0.00 ,6.49 ,3.70 ,3.52 ,4.50 ,3.48 ,3.79 ,2.99 ,3.56 ,3.83 ,2.64 ,3.11 ,2.15 ,2.04 ,2.97 ,1.93 ,1.87 ,1.67 ,0.00 ,2.88 ,2.03 ,1.72 ,2.22 ,1.75 ,1.97 ,1.54 ,1.81 ,1.67 
2009,11,6.01 ,7.99 ,4.12 ,4.58 ,6.52 ,3.87 ,4.05 ,3.37 ,0.00 ,6.57 ,3.63 ,3.77 ,4.38 ,3.86 ,3.38 ,3.08 ,3.84 ,4.09 ,2.67 ,3.11 ,2.10 ,2.10 ,2.97 ,1.95 ,1.88 ,1.67 ,0.00 ,2.96 ,2.01 ,1.72 ,2.17 ,1.92 ,1.90 ,1.57 ,1.94 ,2.41 
2009,12,5.66 ,7.73 ,4.36 ,4.59 ,6.30 ,3.61 ,4.16 ,3.36 ,0.00 ,6.43 ,3.74 ,3.73 ,4.82 ,3.73 ,3.22 ,3.39 ,4.09 ,3.20 ,2.59 ,3.00 ,2.16 ,2.15 ,2.91 ,1.88 ,1.93 ,1.69 ,0.00 ,2.98 ,1.97 ,1.79 ,2.37 ,1.86 ,1.68 ,1.79 ,2.02 ,1.90 
2010,1,5.40 ,7.32 ,4.29 ,4.16 ,6.02 ,3.95 ,4.12 ,3.48 ,0.00 ,6.24 ,3.37 ,3.69 ,4.64 ,4.01 ,3.24 ,3.51 ,4.10 ,3.94 ,2.47 ,2.86 ,2.21 ,2.08 ,2.90 ,2.07 ,2.08 ,1.91 ,0.00 ,2.74 ,1.91 ,1.83 ,2.31 ,2.04 ,1.70 ,1.92 ,1.97 ,1.92 
2010,2,5.27 ,7.32 ,4.12 ,4.27 ,6.13 ,4.12 ,4.52 ,3.21 ,0.00 ,6.12 ,3.72 ,3.27 ,4.21 ,3.52 ,3.00 ,3.38 ,3.99 ,2.97 ,2.43 ,2.79 ,2.08 ,2.07 ,2.84 ,2.12 ,2.10 ,1.61 ,0.00 ,2.83 ,2.02 ,1.80 ,2.22 ,1.76 ,1.54 ,1.80 ,1.99 ,1.43 
2010,3,5.01 ,6.98 ,4.23 ,4.37 ,5.98 ,3.60 ,3.96 ,3.27 ,0.00 ,5.74 ,3.31 ,3.52 ,3.87 ,3.77 ,3.46 ,3.15 ,3.70 ,4.57 ,2.40 ,2.86 ,2.22 ,2.24 ,3.00 ,1.87 ,2.02 ,1.64 ,0.00 ,2.73 ,1.75 ,1.84 ,1.97 ,1.99 ,1.53 ,1.67 ,1.93 ,2.46 
2010,4,5.27 ,8.16 ,4.12 ,4.46 ,6.21 ,4.09 ,4.01 ,3.40 ,0.00 ,6.03 ,3.83 ,4.03 ,3.84 ,3.75 ,2.74 ,2.94 ,3.69 ,3.86 ,2.56 ,3.37 ,2.12 ,2.28 ,2.96 ,2.20 ,2.06 ,1.74 ,0.00 ,2.94 ,2.20 ,2.10 ,2.09 ,1.93 ,1.61 ,1.72 ,1.96 ,1.45 
2010,5,5.36 ,7.53 ,4.32 ,4.81 ,6.99 ,3.75 ,3.99 ,3.54 ,0.00 ,6.16 ,4.29 ,3.49 ,4.39 ,3.63 ,3.45 ,2.88 ,3.73 ,2.77 ,2.55 ,2.98 ,2.12 ,2.45 ,3.44 ,1.86 ,2.07 ,1.69 ,0.00 ,2.95 ,2.45 ,2.04 ,2.33 ,1.83 ,1.50 ,1.60 ,1.90 ,0.56 
2010,6,5.78 ,8.19 ,4.49 ,4.65 ,7.00 ,3.94 ,4.42 ,4.25 ,0.00 ,6.54 ,3.48 ,3.85 ,4.10 ,3.47 ,3.34 ,3.52 ,3.72 ,4.57 ,2.76 ,3.46 ,2.26 ,2.35 ,3.40 ,1.98 ,2.17 ,1.95 ,0.00 ,3.15 ,1.85 ,1.96 ,2.24 ,1.81 ,1.86 ,1.90 ,1.94 ,2.47 
2010,7,5.98 ,7.69 ,4.69 ,4.30 ,6.34 ,3.96 ,4.49 ,3.66 ,4.04 ,6.59 ,3.57 ,3.99 ,4.28 ,4.02 ,3.44 ,3.76 ,4.10 ,3.41 ,2.75 ,3.12 ,2.35 ,2.12 ,3.08 ,2.03 ,2.14 ,1.85 ,1.79 ,3.07 ,1.92 ,2.01 ,2.13 ,1.92 ,1.80 ,1.89 ,2.09 ,1.90 
2010,8,6.12 ,8.18 ,4.75 ,4.44 ,6.49 ,4.00 ,4.43 ,3.80 ,0.00 ,6.81 ,4.21 ,3.59 ,4.12 ,3.64 ,3.38 ,3.58 ,4.03 ,3.23 ,2.87 ,3.38 ,2.37 ,2.31 ,3.18 ,2.08 ,2.19 ,1.98 ,0.00 ,3.21 ,2.25 ,1.92 ,2.19 ,1.79 ,1.89 ,1.87 ,2.05 ,1.68 
2010,9,5.70 ,7.89 ,4.71 ,4.15 ,6.56 ,3.69 ,4.20 ,3.74 ,0.00 ,6.22 ,3.72 ,3.54 ,4.33 ,3.64 ,2.89 ,3.21 ,3.88 ,3.69 ,2.74 ,3.20 ,2.48 ,2.20 ,3.38 ,2.02 ,2.18 ,1.99 ,0.00 ,3.02 ,1.97 ,1.97 ,2.31 ,1.84 ,1.64 ,1.80 ,1.99 ,2.04 
2010,10,5.60 ,8.22 ,4.62 ,4.32 ,6.81 ,3.88 ,4.53 ,3.23 ,0.00 ,6.19 ,3.75 ,3.78 ,4.25 ,3.38 ,3.13 ,3.65 ,4.01 ,4.94 ,2.75 ,3.40 ,2.35 ,2.19 ,3.38 ,2.05 ,2.27 ,1.84 ,0.00 ,3.08 ,2.16 ,2.08 ,2.32 ,1.78 ,1.72 ,1.94 ,2.14 ,2.90 
2010,11,5.31 ,7.76 ,4.46 ,4.23 ,6.42 ,4.12 ,4.73 ,3.37 ,0.00 ,5.83 ,3.92 ,4.00 ,3.98 ,4.04 ,3.26 ,3.21 ,4.25 ,4.63 ,2.69 ,3.43 ,2.28 ,2.31 ,3.31 ,2.13 ,2.67 ,1.88 ,0.00 ,2.96 ,2.09 ,2.23 ,2.14 ,2.02 ,1.91 ,1.83 ,2.25 ,2.30 
2010,12,5.46 ,7.75 ,4.95 ,4.28 ,5.84 ,4.10 ,4.39 ,4.59 ,0.00 ,6.14 ,3.81 ,4.18 ,4.34 ,3.99 ,3.30 ,3.75 ,4.36 ,3.53 ,2.77 ,3.42 ,2.61 ,2.41 ,3.23 ,2.15 ,2.24 ,2.51 ,0.00 ,3.08 ,2.14 ,2.20 ,2.35 ,2.12 ,1.88 ,2.05 ,2.25 ,2.02 
2011,1,5.45 ,7.75 ,4.81 ,4.44 ,5.91 ,3.83 ,4.36 ,4.64 ,0.00 ,6.16 ,3.84 ,4.21 ,4.48 ,3.56 ,3.44 ,3.75 ,4.49 ,3.95 ,2.73 ,3.37 ,2.47 ,2.34 ,3.10 ,2.05 ,2.28 ,2.48 ,0.00 ,3.09 ,2.08 ,2.45 ,2.43 ,1.78 ,1.87 ,2.03 ,2.31 ,2.15 
2011,2,5.54 ,7.85 ,5.43 ,4.56 ,6.10 ,3.87 ,4.56 ,3.94 ,0.00 ,6.09 ,3.91 ,4.04 ,4.22 ,3.79 ,3.68 ,3.19 ,4.33 ,3.74 ,2.73 ,3.28 ,2.74 ,2.45 ,3.22 ,2.13 ,2.28 ,2.06 ,0.00 ,3.01 ,2.08 ,2.21 ,2.31 ,2.05 ,1.94 ,1.85 ,2.26 ,2.03 
2011,3,5.57 ,7.86 ,4.95 ,4.95 ,6.00 ,3.89 ,4.76 ,3.93 ,0.00 ,6.10 ,3.94 ,3.81 ,4.05 ,3.92 ,3.84 ,3.47 ,4.12 ,4.81 ,2.75 ,3.41 ,2.47 ,2.56 ,3.17 ,2.05 ,2.29 ,2.11 ,0.00 ,3.05 ,2.05 ,1.99 ,2.20 ,2.01 ,2.19 ,1.89 ,2.09 ,2.46 
2011,4,5.67 ,7.70 ,5.21 ,4.64 ,6.15 ,4.21 ,4.40 ,3.60 ,0.00 ,6.29 ,3.92 ,4.21 ,4.11 ,4.43 ,3.31 ,3.72 ,4.66 ,3.42 ,2.78 ,3.27 ,2.61 ,2.56 ,3.24 ,2.22 ,2.13 ,2.07 ,0.00 ,3.12 ,2.14 ,2.28 ,2.21 ,2.24 ,1.88 ,1.99 ,2.21 ,1.94 
2011,5,5.74 ,7.73 ,5.31 ,4.65 ,6.09 ,4.13 ,4.72 ,3.75 ,0.00 ,6.47 ,3.25 ,3.98 ,3.99 ,3.77 ,3.73 ,3.52 ,5.02 ,4.01 ,2.83 ,3.43 ,2.58 ,2.44 ,3.25 ,2.12 ,2.31 ,1.99 ,0.00 ,3.20 ,1.81 ,2.18 ,2.20 ,1.90 ,2.06 ,1.98 ,2.42 ,2.04 
2011,6,5.71 ,7.59 ,5.60 ,4.59 ,6.43 ,4.31 ,5.28 ,4.16 ,0.00 ,6.30 ,3.65 ,4.02 ,3.90 ,3.91 ,4.39 ,3.07 ,4.77 ,4.12 ,2.82 ,3.35 ,2.71 ,2.38 ,3.30 ,2.19 ,2.34 ,2.11 ,0.00 ,3.19 ,1.94 ,2.21 ,2.22 ,1.94 ,2.25 ,1.74 ,2.18 ,2.09 
2011,7,5.65 ,7.73 ,5.20 ,4.84 ,6.52 ,4.09 ,5.07 ,4.15 ,0.00 ,6.16 ,4.05 ,4.06 ,4.00 ,4.37 ,3.90 ,3.53 ,4.71 ,4.10 ,2.76 ,3.32 ,2.36 ,2.59 ,3.29 ,2.12 ,2.44 ,2.04 ,0.00 ,3.11 ,2.29 ,2.19 ,2.18 ,2.06 ,2.27 ,1.85 ,2.15 ,2.15 
2011,8,5.78 ,7.51 ,5.88 ,4.66 ,6.40 ,4.31 ,5.23 ,4.16 ,4.73 ,6.49 ,3.79 ,4.13 ,4.17 ,4.29 ,3.26 ,3.54 ,4.61 ,5.16 ,2.83 ,3.32 ,2.74 ,2.44 ,3.34 ,2.21 ,2.52 ,2.17 ,1.78 ,3.23 ,2.00 ,2.15 ,2.26 ,2.11 ,1.82 ,1.91 ,2.15 ,2.32 
2011,9,6.15 ,8.19 ,5.65 ,4.85 ,6.86 ,4.57 ,5.53 ,4.27 ,10.50 ,6.82 ,4.21 ,4.33 ,4.59 ,4.32 ,3.81 ,3.55 ,5.27 ,4.26 ,2.95 ,3.48 ,2.58 ,2.55 ,3.45 ,2.32 ,2.69 ,2.08 ,5.00 ,3.32 ,2.18 ,2.28 ,2.39 ,2.14 ,1.96 ,1.95 ,2.43 ,2.29 
2011,10,6.36 ,8.15 ,5.90 ,5.11 ,6.92 ,4.51 ,5.38 ,4.16 ,0.00 ,7.10 ,4.75 ,4.55 ,4.57 ,4.66 ,4.01 ,3.92 ,5.18 ,3.88 ,3.09 ,3.60 ,2.83 ,2.69 ,3.48 ,2.21 ,2.55 ,2.01 ,0.00 ,3.49 ,2.46 ,2.32 ,2.41 ,2.28 ,2.11 ,2.06 ,2.44 ,2.03 
2011,11,6.30 ,8.44 ,5.91 ,5.21 ,6.88 ,4.92 ,5.46 ,4.34 ,4.28 ,6.80 ,4.71 ,4.39 ,4.72 ,4.75 ,3.80 ,3.65 ,5.15 ,4.22 ,3.10 ,3.68 ,2.86 ,2.67 ,3.55 ,2.55 ,2.65 ,2.08 ,2.52 ,3.44 ,2.32 ,2.23 ,2.52 ,2.34 ,1.99 ,1.93 ,2.34 ,2.18 
2011,12,6.19 ,8.06 ,5.73 ,5.34 ,6.15 ,5.33 ,5.61 ,4.51 ,0.00 ,7.17 ,4.21 ,4.76 ,4.49 ,4.33 ,4.32 ,4.05 ,4.98 ,4.14 ,3.17 ,3.66 ,2.96 ,2.85 ,3.44 ,2.65 ,2.84 ,2.36 ,0.00 ,3.71 ,2.23 ,2.55 ,2.53 ,2.24 ,2.26 ,2.24 ,2.51 ,2.24 
2012,1,5.76 ,8.32 ,5.78 ,4.73 ,5.99 ,4.76 ,5.93 ,4.39 ,0.00 ,6.22 ,4.15 ,4.23 ,4.24 ,4.20 ,4.07 ,3.71 ,4.81 ,3.94 ,2.80 ,3.55 ,2.61 ,2.51 ,3.04 ,2.44 ,3.27 ,2.17 ,0.00 ,3.07 ,2.06 ,2.18 ,2.34 ,1.95 ,1.90 ,1.97 ,1.96 ,2.12 
2012,2,5.61 ,7.61 ,5.40 ,4.99 ,6.02 ,4.45 ,5.18 ,4.17 ,0.00 ,6.35 ,4.26 ,4.35 ,4.27 ,4.29 ,3.51 ,3.41 ,4.55 ,4.42 ,2.83 ,3.37 ,2.60 ,2.49 ,3.23 ,2.35 ,2.62 ,2.13 ,0.00 ,3.30 ,2.27 ,2.24 ,2.33 ,2.09 ,1.80 ,1.91 ,2.19 ,2.08 
2012,3,5.76 ,8.08 ,5.43 ,5.04 ,6.24 ,4.56 ,5.04 ,4.08 ,0.00 ,6.47 ,4.36 ,4.34 ,4.33 ,4.34 ,4.06 ,3.57 ,4.37 ,4.26 ,2.89 ,3.63 ,2.58 ,2.53 ,3.41 ,2.27 ,2.52 ,2.09 ,0.00 ,3.30 ,2.48 ,2.26 ,2.29 ,2.10 ,2.13 ,2.02 ,2.09 ,2.07 
2012,4,5.69 ,7.84 ,5.64 ,4.98 ,6.08 ,4.25 ,5.37 ,4.36 ,0.00 ,6.28 ,4.47 ,4.32 ,4.39 ,4.45 ,3.99 ,3.74 ,4.59 ,4.52 ,2.93 ,3.57 ,2.75 ,2.58 ,3.39 ,2.27 ,2.70 ,2.24 ,0.00 ,3.33 ,2.37 ,2.29 ,2.45 ,2.29 ,1.88 ,2.01 ,2.26 ,2.07 
2012,5,5.76 ,8.12 ,5.61 ,5.15 ,6.00 ,4.28 ,5.03 ,4.11 ,3.14 ,6.41 ,4.16 ,4.74 ,4.25 ,4.38 ,4.15 ,3.84 ,4.64 ,4.35 ,2.97 ,3.70 ,2.79 ,2.66 ,3.35 ,2.17 ,2.54 ,2.16 ,2.18 ,3.43 ,2.27 ,2.46 ,2.32 ,2.18 ,2.24 ,2.02 ,2.22 ,2.13 
2012,6,5.70 ,7.98 ,5.63 ,4.85 ,5.82 ,4.62 ,5.11 ,4.18 ,3.52 ,6.41 ,3.96 ,4.70 ,4.13 ,4.29 ,2.96 ,3.72 ,4.81 ,4.39 ,2.97 ,3.78 ,2.76 ,2.53 ,3.26 ,2.34 ,2.63 ,2.20 ,2.00 ,3.48 ,1.97 ,2.45 ,2.36 ,2.05 ,1.70 ,2.05 ,2.32 ,2.01 
2012,7,5.73 ,7.89 ,5.67 ,5.18 ,5.90 ,4.56 ,5.42 ,4.35 ,5.43 ,6.35 ,4.38 ,4.94 ,4.41 ,4.75 ,3.18 ,3.75 ,4.61 ,4.41 ,3.02 ,3.71 ,2.87 ,2.68 ,3.29 ,2.34 ,2.80 ,2.24 ,2.69 ,3.44 ,2.39 ,2.67 ,2.46 ,2.38 ,1.79 ,2.07 ,2.34 ,2.06 
2012,8,5.54 ,7.75 ,5.46 ,4.96 ,5.64 ,4.45 ,5.56 ,4.45 ,5.92 ,6.01 ,3.99 ,4.27 ,4.58 ,4.80 ,3.18 ,3.82 ,4.82 ,4.16 ,2.92 ,3.80 ,2.83 ,2.50 ,3.15 ,2.37 ,2.88 ,2.37 ,3.33 ,3.29 ,2.10 ,2.18 ,2.46 ,2.36 ,1.69 ,2.04 ,2.31 ,2.07 
2012,9,5.41 ,7.42 ,5.37 ,5.06 ,5.71 ,4.53 ,4.81 ,4.47 ,6.87 ,5.86 ,3.74 ,4.24 ,4.25 ,4.06 ,3.27 ,3.82 ,4.46 ,4.32 ,2.89 ,3.75 ,2.81 ,2.65 ,3.13 ,2.35 ,2.63 ,2.34 ,3.79 ,3.25 ,1.92 ,2.23 ,2.29 ,2.17 ,1.77 ,1.98 ,2.25 ,2.09 
2012,10,5.47 ,7.32 ,4.84 ,5.32 ,5.96 ,4.57 ,4.98 ,4.53 ,5.63 ,6.03 ,3.75 ,4.35 ,4.15 ,4.27 ,3.23 ,4.00 ,4.43 ,4.66 ,2.97 ,3.67 ,2.58 ,2.80 ,3.25 ,2.51 ,2.70 ,2.35 ,3.20 ,3.37 ,2.10 ,2.35 ,2.40 ,2.25 ,1.87 ,2.21 ,2.35 ,2.44 
2012,11,5.56 ,7.57 ,5.24 ,5.16 ,5.89 ,4.66 ,4.93 ,4.32 ,5.28 ,6.05 ,3.44 ,4.40 ,4.66 ,4.35 ,4.17 ,3.66 ,4.60 ,4.67 ,2.99 ,3.78 ,2.73 ,2.74 ,3.26 ,2.50 ,2.64 ,2.40 ,2.97 ,3.34 ,1.85 ,2.39 ,2.62 ,2.23 ,2.27 ,1.93 ,2.41 ,2.32 
2012,12,5.64 ,7.61 ,5.68 ,5.29 ,6.08 ,4.84 ,5.40 ,4.60 ,5.36 ,6.28 ,4.28 ,4.66 ,4.75 ,4.07 ,4.16 ,3.95 ,4.64 ,4.41 ,3.02 ,3.77 ,3.05 ,2.77 ,3.46 ,2.45 ,2.83 ,2.47 ,2.96 ,3.45 ,2.37 ,2.49 ,2.62 ,2.07 ,2.27 ,2.17 ,2.43 ,2.22 
2013,1,5.35 ,7.20 ,5.16 ,4.98 ,5.45 ,4.22 ,4.80 ,4.54 ,5.22 ,5.92 ,3.81 ,3.98 ,4.48 ,4.09 ,3.40 ,3.68 ,4.95 ,4.18 ,2.71 ,3.33 ,2.51 ,2.50 ,2.96 ,2.11 ,2.41 ,2.22 ,2.94 ,3.09 ,1.99 ,2.09 ,2.43 ,2.03 ,1.71 ,1.98 ,2.32 ,1.99 
2013,2,5.49 ,7.43 ,5.37 ,5.08 ,5.85 ,4.63 ,4.94 ,4.60 ,5.23 ,5.99 ,4.10 ,4.92 ,4.26 ,4.26 ,4.18 ,3.88 ,4.43 ,4.26 ,2.91 ,3.63 ,2.84 ,2.64 ,3.27 ,2.42 ,2.51 ,2.52 ,3.06 ,3.22 ,2.30 ,2.70 ,2.38 ,2.21 ,2.33 ,2.09 ,2.33 ,2.14 
2013,3,5.53 ,7.13 ,5.47 ,5.35 ,5.90 ,4.23 ,4.72 ,4.02 ,4.46 ,6.15 ,4.11 ,4.89 ,4.43 ,4.32 ,4.25 ,4.00 ,4.30 ,4.51 ,2.99 ,3.54 ,2.93 ,2.90 ,3.35 ,2.31 ,2.46 ,2.13 ,2.30 ,3.39 ,2.26 ,2.63 ,2.54 ,2.31 ,2.45 ,2.15 ,2.27 ,2.01 
2013,4,5.65 ,7.38 ,5.74 ,5.37 ,5.66 ,4.44 ,5.12 ,4.40 ,4.83 ,6.19 ,3.94 ,4.58 ,4.18 ,4.51 ,4.03 ,4.21 ,4.89 ,4.36 ,3.05 ,3.75 ,2.99 ,2.81 ,3.15 ,2.39 ,2.79 ,2.28 ,2.90 ,3.38 ,2.17 ,2.59 ,2.41 ,2.42 ,2.22 ,2.36 ,2.60 ,2.08 
2013,5,5.62 ,7.52 ,5.66 ,5.60 ,5.63 ,4.42 ,4.91 ,4.45 ,5.81 ,6.07 ,3.80 ,4.35 ,4.44 ,4.06 ,4.36 ,3.80 ,4.54 ,4.66 ,3.06 ,3.69 ,3.13 ,2.86 ,3.21 ,2.47 ,2.78 ,2.45 ,3.19 ,3.38 ,2.21 ,2.40 ,2.57 ,2.22 ,2.45 ,2.03 ,2.44 ,2.46 
2013,6,5.52 ,7.26 ,5.58 ,5.51 ,5.64 ,4.68 ,5.22 ,4.12 ,4.70 ,5.98 ,3.78 ,4.63 ,4.54 ,4.22 ,3.61 ,4.05 ,4.94 ,5.23 ,3.02 ,3.64 ,3.02 ,2.82 ,3.25 ,2.50 ,2.83 ,2.30 ,2.67 ,3.34 ,2.24 ,2.60 ,2.64 ,2.36 ,2.13 ,2.18 ,2.69 ,2.81 
2013,7,5.15 ,6.51 ,5.23 ,5.23 ,5.27 ,4.13 ,4.61 ,4.23 ,4.84 ,5.48 ,3.72 ,4.12 ,4.39 ,3.85 ,3.86 ,3.73 ,4.34 ,4.30 ,2.70 ,3.20 ,2.67 ,2.62 ,2.93 ,2.08 ,2.43 ,2.36 ,2.74 ,2.98 ,2.04 ,2.22 ,2.40 ,1.91 ,2.22 ,1.88 ,2.17 ,2.03 
2013,8,5.09 ,6.73 ,5.19 ,5.27 ,5.17 ,4.27 ,4.55 ,4.18 ,5.20 ,5.38 ,3.85 ,4.31 ,4.28 ,3.95 ,3.46 ,3.72 ,4.35 ,4.20 ,2.71 ,3.36 ,2.59 ,2.67 ,2.95 ,2.23 ,2.38 ,2.33 ,3.09 ,2.99 ,2.06 ,2.35 ,2.38 ,2.02 ,1.84 ,2.02 ,2.22 ,2.06 
2013,9,5.08 ,6.78 ,5.28 ,5.01 ,5.39 ,4.28 ,4.87 ,4.53 ,3.20 ,5.35 ,3.85 ,3.91 ,4.33 ,3.55 ,3.45 ,3.88 ,4.89 ,4.84 ,2.72 ,3.13 ,2.88 ,2.60 ,2.96 ,2.31 ,2.71 ,2.27 ,1.48 ,3.01 ,2.13 ,2.25 ,2.36 ,1.86 ,1.93 ,2.08 ,2.50 ,2.43 
2013,10,5.09 ,6.49 ,5.08 ,5.25 ,5.21 ,4.23 ,4.79 ,4.63 ,3.66 ,5.39 ,3.97 ,4.10 ,4.03 ,4.26 ,3.66 ,3.79 ,5.02 ,4.04 ,2.76 ,3.26 ,2.68 ,2.62 ,3.14 ,2.23 ,2.60 ,2.63 ,1.97 ,3.01 ,2.29 ,2.26 ,2.22 ,2.29 ,2.05 ,1.97 ,2.59 ,2.26 
2013,11,5.04 ,6.41 ,5.29 ,5.05 ,5.36 ,4.37 ,4.90 ,4.37 ,4.91 ,5.40 ,3.77 ,4.50 ,3.90 ,4.43 ,2.99 ,3.46 ,4.80 ,5.06 ,2.66 ,3.14 ,2.60 ,2.25 ,3.22 ,2.25 ,2.60 ,2.34 ,1.95 ,2.95 ,2.13 ,2.26 ,2.15 ,2.20 ,1.81 ,1.82 ,2.43 ,2.57 
2013,12,5.10 ,6.82 ,5.41 ,4.96 ,5.66 ,4.09 ,5.27 ,4.21 ,5.10 ,5.46 ,3.68 ,3.91 ,4.21 ,4.23 ,3.58 ,3.95 ,4.49 ,5.26 ,2.66 ,3.13 ,2.72 ,2.26 ,3.27 ,2.15 ,2.56 ,2.22 ,2.60 ,3.00 ,2.17 ,2.06 ,2.24 ,2.11 ,1.98 ,2.08 ,2.31 ,2.74 
2014,1,4.97 ,6.38 ,5.30 ,5.32 ,5.46 ,4.26 ,4.67 ,3.72 ,5.45 ,5.31 ,3.50 ,4.56 ,4.15 ,4.79 ,3.41 ,3.80 ,4.57 ,4.23 ,2.34 ,2.64 ,2.45 ,2.24 ,2.75 ,2.01 ,2.27 ,1.65 ,0.84 ,2.75 ,1.75 ,1.94 ,1.89 ,2.06 ,1.66 ,1.78 ,2.14 ,2.05 
2014,2,4.89 ,6.51 ,5.52 ,5.21 ,4.87 ,3.98 ,4.61 ,4.21 ,5.73 ,5.29 ,4.47 ,4.00 ,4.15 ,3.60 ,3.64 ,3.50 ,4.50 ,4.10 ,2.18 ,2.70 ,2.24 ,1.96 ,2.38 ,1.88 ,2.17 ,1.92 ,2.55 ,2.44 ,2.07 ,1.88 ,1.90 ,1.67 ,1.51 ,1.59 ,2.06 ,1.85 
2014,3,4.84 ,6.31 ,4.80 ,5.03 ,4.85 ,3.82 ,5.02 ,3.88 ,4.19 ,5.35 ,4.24 ,3.79 ,4.07 ,3.78 ,3.97 ,3.66 ,4.80 ,3.68 ,2.04 ,2.72 ,1.90 ,1.76 ,2.23 ,1.45 ,1.82 ,1.60 ,2.14 ,2.34 ,1.98 ,1.62 ,1.75 ,1.71 ,1.57 ,1.32 ,2.15 ,1.55 
2014,4,5.06 ,6.97 ,5.40 ,5.41 ,5.11 ,5.02 ,4.52 ,4.44 ,5.11 ,5.39 ,4.41 ,4.01 ,4.12 ,3.79 ,3.86 ,3.75 ,4.80 ,4.54 ,2.07 ,2.76 ,2.14 ,1.86 ,2.16 ,1.94 ,1.93 ,1.75 ,2.12 ,2.33 ,1.90 ,1.61 ,1.67 ,1.66 ,1.58 ,1.43 ,2.03 ,1.62 
2014,5,5.31 ,7.18 ,5.21 ,5.62 ,5.15 ,4.52 ,5.12 ,4.80 ,5.11 ,5.78 ,4.06 ,3.91 ,4.10 ,4.17 ,3.11 ,3.67 ,4.96 ,4.46 ,2.21 ,2.93 ,2.10 ,2.10 ,2.06 ,1.80 ,2.11 ,2.03 ,2.28 ,2.47 ,1.59 ,1.72 ,1.82 ,1.74 ,1.20 ,1.43 ,2.15 ,1.86 
2014,6,5.32 ,7.35 ,5.44 ,5.48 ,5.01 ,4.78 ,5.65 ,4.45 ,4.79 ,5.84 ,3.84 ,4.10 ,4.33 ,3.54 ,3.87 ,4.16 ,4.71 ,4.42 ,2.22 ,2.95 ,2.31 ,2.11 ,2.02 ,1.94 ,2.19 ,1.96 ,2.30 ,2.46 ,1.63 ,1.51 ,1.87 ,1.51 ,1.49 ,1.85 ,2.10 ,2.05 
2014,7,5.30 ,7.14 ,5.55 ,5.86 ,5.17 ,4.58 ,5.75 ,4.86 ,5.75 ,5.78 ,4.11 ,4.15 ,4.36 ,3.84 ,3.90 ,4.03 ,4.78 ,4.77 ,2.19 ,2.84 ,2.32 ,2.35 ,2.16 ,1.78 ,2.25 ,2.03 ,2.61 ,2.34 ,1.83 ,1.70 ,1.87 ,1.63 ,1.76 ,1.66 ,2.12 ,2.31 
2014,8,5.41 ,7.38 ,5.46 ,5.85 ,5.44 ,4.75 ,5.69 ,4.63 ,5.67 ,5.79 ,4.52 ,4.47 ,4.33 ,4.35 ,4.64 ,4.16 ,4.79 ,4.82 ,2.22 ,2.86 ,2.23 ,2.30 ,2.07 ,1.91 ,2.25 ,1.96 ,2.62 ,2.30 ,2.07 ,1.93 ,1.85 ,1.88 ,2.09 ,1.73 ,2.14 ,2.37 
2014,9,5.38 ,7.29 ,5.80 ,5.76 ,5.65 ,4.67 ,5.36 ,4.74 ,5.48 ,5.67 ,4.56 ,4.35 ,4.49 ,3.95 ,3.75 ,3.99 ,4.82 ,4.49 ,2.21 ,2.80 ,2.43 ,2.32 ,2.26 ,1.85 ,2.13 ,2.02 ,2.64 ,2.29 ,2.10 ,1.74 ,1.99 ,1.69 ,1.62 ,1.68 ,2.09 ,1.81 
2014,10,5.37 ,7.35 ,5.48 ,5.71 ,5.56 ,4.67 ,5.18 ,4.45 ,5.29 ,5.66 ,4.69 ,4.63 ,4.52 ,4.02 ,3.83 ,4.37 ,4.72 ,4.87 ,2.24 ,2.85 ,2.36 ,2.24 ,2.23 ,1.85 ,2.20 ,1.88 ,2.59 ,2.38 ,2.13 ,2.01 ,1.92 ,1.72 ,1.73 ,1.88 ,2.00 ,1.96 
2014,11,5.40 ,6.96 ,5.56 ,5.98 ,5.51 ,4.60 ,5.59 ,5.13 ,5.35 ,5.67 ,4.40 ,4.08 ,4.61 ,4.45 ,4.07 ,4.07 ,4.78 ,4.57 ,2.30 ,2.83 ,2.35 ,2.43 ,2.35 ,1.81 ,2.45 ,2.10 ,2.55 ,2.44 ,1.89 ,1.79 ,2.05 ,1.97 ,1.75 ,1.77 ,2.11 ,2.10 
2014,12,5.44 ,6.82 ,5.92 ,5.73 ,5.63 ,4.64 ,5.03 ,4.83 ,5.30 ,5.76 ,3.99 ,4.52 ,4.24 ,4.27 ,3.66 ,4.40 ,5.09 ,5.06 ,2.34 ,2.81 ,2.54 ,2.37 ,2.41 ,1.90 ,2.20 ,1.92 ,2.61 ,2.53 ,1.65 ,1.96 ,1.77 ,1.94 ,1.63 ,1.93 ,2.26 ,2.44 
2015,1,5.25 ,6.69 ,5.63 ,5.68 ,5.32 ,4.63 ,4.70 ,4.56 ,5.46 ,5.59 ,4.21 ,4.60 ,4.62 ,3.99 ,3.63 ,4.30 ,4.78 ,4.31 ,2.26 ,2.74 ,2.50 ,2.24 ,2.39 ,1.99 ,2.07 ,1.89 ,2.59 ,2.43 ,1.69 ,2.12 ,2.11 ,1.75 ,1.62 ,1.75 ,2.00 ,1.86 
2015,2,5.26 ,6.62 ,5.62 ,5.83 ,5.49 ,4.66 ,4.89 ,4.63 ,4.97 ,5.52 ,3.85 ,4.65 ,4.50 ,4.18 ,3.92 ,4.27 ,4.55 ,4.75 ,2.34 ,2.76 ,2.42 ,2.38 ,2.56 ,2.01 ,2.28 ,2.02 ,2.45 ,2.50 ,1.71 ,2.03 ,2.08 ,1.93 ,1.79 ,1.88 ,2.08 ,2.13 
2015,3,5.10 ,6.49 ,5.36 ,5.59 ,5.24 ,4.63 ,4.64 ,4.53 ,4.75 ,5.39 ,3.72 ,4.76 ,4.15 ,3.96 ,3.80 ,4.04 ,4.65 ,4.80 ,2.32 ,2.84 ,2.37 ,2.39 ,2.49 ,2.00 ,2.08 ,1.96 ,2.22 ,2.48 ,1.71 ,2.22 ,2.05 ,1.86 ,1.84 ,1.82 ,2.15 ,2.25 
2015,4,5.01 ,6.15 ,5.14 ,5.73 ,5.17 ,4.65 ,4.65 ,4.61 ,4.93 ,5.27 ,3.96 ,4.49 ,4.22 ,3.85 ,3.53 ,4.09 ,4.39 ,4.39 ,2.34 ,2.69 ,2.34 ,2.49 ,2.67 ,2.11 ,2.23 ,2.01 ,2.22 ,2.50 ,1.90 ,2.11 ,2.07 ,1.88 ,1.76 ,1.76 ,2.08 ,2.01 
2015,5,5.22 ,6.57 ,5.10 ,5.81 ,5.31 ,4.61 ,4.63 ,4.62 ,5.20 ,5.47 ,4.06 ,4.54 ,4.25 ,3.84 ,3.60 ,4.29 ,4.53 ,4.93 ,2.40 ,2.83 ,2.35 ,2.49 ,2.63 ,2.11 ,2.21 ,2.08 ,2.46 ,2.55 ,1.94 ,2.13 ,2.06 ,1.88 ,1.79 ,1.94 ,2.05 ,2.36 
2015,6,5.40 ,6.84 ,5.39 ,6.16 ,5.54 ,4.61 ,4.95 ,4.73 ,5.20 ,5.67 ,4.08 ,4.91 ,4.39 ,3.97 ,3.89 ,4.09 ,4.64 ,5.07 ,2.43 ,2.88 ,2.49 ,2.55 ,2.61 ,2.03 ,2.36 ,2.07 ,2.53 ,2.61 ,1.92 ,2.29 ,2.11 ,1.83 ,1.86 ,1.90 ,1.98 ,2.45 
2015,7,5.37 ,6.76 ,5.64 ,6.01 ,5.42 ,4.65 ,4.72 ,4.58 ,5.14 ,5.55 ,4.00 ,4.59 ,4.38 ,3.85 ,4.33 ,4.11 ,4.66 ,4.95 ,2.38 ,2.93 ,2.49 ,2.42 ,2.45 ,1.89 ,2.20 ,1.92 ,2.37 ,2.53 ,1.84 ,2.08 ,2.03 ,1.70 ,1.99 ,1.87 ,1.95 ,2.31 
2015,8,5.33 ,6.67 ,5.41 ,5.72 ,5.58 ,4.86 ,4.75 ,4.84 ,5.15 ,5.63 ,4.14 ,4.40 ,4.17 ,4.09 ,4.11 ,3.41 ,4.90 ,4.75 ,2.25 ,2.74 ,2.32 ,2.10 ,2.44 ,1.98 ,2.18 ,2.07 ,2.43 ,2.40 ,1.79 ,1.86 ,1.90 ,1.83 ,1.72 ,1.50 ,1.88 ,1.90 
2015,9,5.42 ,6.78 ,5.41 ,6.27 ,5.44 ,4.96 ,4.69 ,5.05 ,5.59 ,5.66 ,4.14 ,4.38 ,4.52 ,4.02 ,4.06 ,4.25 ,5.05 ,4.84 ,2.23 ,2.83 ,2.13 ,2.18 ,2.25 ,1.99 ,1.95 ,2.01 ,2.09 ,2.40 ,1.76 ,1.83 ,2.00 ,1.61 ,1.74 ,1.69 ,2.02 ,2.05 
2015,10,5.43 ,6.77 ,5.43 ,6.15 ,5.65 ,5.21 ,4.97 ,5.15 ,5.47 ,5.83 ,4.01 ,4.26 ,4.26 ,3.96 ,3.68 ,4.02 ,5.03 ,5.67 ,2.24 ,2.83 ,2.29 ,2.33 ,2.28 ,2.06 ,2.04 ,2.01 ,2.26 ,2.41 ,1.63 ,1.70 ,1.81 ,1.65 ,1.64 ,1.69 ,2.10 ,2.53 
2015,11,5.63 ,7.08 ,5.50 ,6.42 ,5.73 ,5.31 ,5.17 ,5.16 ,5.17 ,6.10 ,4.50 ,4.41 ,4.53 ,4.41 ,3.85 ,4.23 ,5.02 ,5.31 ,2.35 ,2.80 ,2.37 ,2.39 ,2.35 ,2.18 ,2.24 ,2.11 ,2.41 ,2.56 ,1.95 ,1.95 ,1.99 ,1.98 ,1.74 ,1.87 ,2.10 ,2.60 
2015,12,5.66 ,7.20 ,5.75 ,6.20 ,5.80 ,5.36 ,5.20 ,5.19 ,5.21 ,6.05 ,4.70 ,4.69 ,4.49 ,4.16 ,3.78 ,4.50 ,5.05 ,5.53 ,2.44 ,2.99 ,2.51 ,2.57 ,2.48 ,2.15 ,2.30 ,2.22 ,2.31 ,2.61 ,2.07 ,2.17 ,2.04 ,1.91 ,1.69 ,2.08 ,2.18 ,2.59 
2016,1,5.45 ,7.25 ,5.83 ,6.54 ,5.55 ,4.74 ,4.90 ,5.11 ,6.13 ,5.90 ,4.04 ,4.51 ,4.19 ,3.90 ,3.56 ,4.62 ,5.00 ,5.12 ,2.31 ,2.88 ,2.48 ,2.51 ,2.43 ,2.00 ,2.20 ,2.03 ,2.75 ,2.48 ,1.77 ,1.96 ,1.97 ,1.72 ,1.69 ,2.01 ,2.14 ,2.24 
2016,2,5.53 ,7.00 ,5.65 ,6.29 ,5.87 ,4.91 ,5.01 ,5.43 ,5.13 ,6.03 ,3.94 ,4.36 ,4.48 ,3.98 ,4.26 ,4.76 ,5.05 ,5.95 ,2.38 ,2.93 ,2.27 ,2.49 ,2.42 ,2.12 ,2.26 ,2.29 ,2.38 ,2.60 ,1.84 ,1.88 ,2.15 ,1.69 ,1.88 ,2.14 ,2.18 ,2.70 
2016,3,5.29 ,7.01 ,5.54 ,6.04 ,5.88 ,5.06 ,4.61 ,4.96 ,5.73 ,5.62 ,3.92 ,4.07 ,3.73 ,3.99 ,3.85 ,4.67 ,4.85 ,5.15 ,2.33 ,3.02 ,2.43 ,2.52 ,2.54 ,2.22 ,2.14 ,2.09 ,2.31 ,2.42 ,1.81 ,1.90 ,1.78 ,1.84 ,1.80 ,2.10 ,2.22 ,2.33 
2016,4,5.39 ,6.79 ,5.52 ,5.62 ,5.90 ,5.43 ,4.82 ,5.15 ,5.93 ,5.63 ,4.31 ,4.37 ,4.29 ,3.95 ,4.06 ,4.22 ,4.63 ,6.29 ,2.44 ,3.01 ,2.41 ,2.43 ,2.74 ,2.52 ,2.19 ,2.32 ,2.58 ,2.53 ,1.93 ,2.10 ,2.03 ,1.86 ,1.97 ,2.01 ,2.15 ,2.79 
2016,5,5.42 ,6.75 ,5.60 ,5.89 ,5.65 ,5.12 ,4.90 ,4.95 ,5.68 ,5.60 ,4.11 ,4.46 ,4.62 ,3.73 ,3.92 ,4.53 ,4.82 ,6.08 ,2.44 ,2.87 ,2.53 ,2.52 ,2.68 ,2.36 ,2.24 ,2.10 ,2.77 ,2.52 ,1.85 ,2.15 ,2.16 ,1.80 ,1.92 ,2.19 ,2.24 ,2.78 
2016,6,5.53 ,6.80 ,5.75 ,6.01 ,5.84 ,4.73 ,5.01 ,4.88 ,5.30 ,5.71 ,4.54 ,4.38 ,4.33 ,4.14 ,3.85 ,4.23 ,4.80 ,5.92 ,2.57 ,2.98 ,2.65 ,2.78 ,2.83 ,2.24 ,2.41 ,2.05 ,2.52 ,2.69 ,2.25 ,2.08 ,2.10 ,2.14 ,2.03 ,1.83 ,2.24 ,3.07 
2016,7,5.58 ,6.97 ,5.50 ,6.05 ,5.76 ,4.95 ,4.57 ,4.74 ,5.48 ,5.93 ,4.11 ,4.56 ,4.25 ,4.05 ,4.17 ,4.05 ,4.73 ,5.36 ,2.67 ,3.04 ,2.70 ,2.99 ,2.87 ,2.39 ,2.12 ,2.22 ,2.85 ,2.82 ,2.21 ,2.26 ,2.13 ,2.07 ,2.19 ,2.06 ,2.29 ,2.73 
2016,8,5.59 ,7.04 ,5.53 ,6.21 ,5.75 ,5.10 ,4.68 ,5.00 ,5.57 ,6.00 ,4.26 ,4.42 ,4.25 ,3.96 ,4.11 ,4.20 ,4.71 ,5.90 ,2.65 ,3.06 ,2.72 ,2.97 ,2.79 ,2.46 ,2.21 ,2.28 ,2.71 ,2.78 ,2.18 ,2.19 ,2.29 ,2.08 ,2.18 ,2.22 ,2.30 ,2.88 
2016,9,5.82 ,7.56 ,6.02 ,6.19 ,6.11 ,5.40 ,4.86 ,4.92 ,5.96 ,6.11 ,4.21 ,4.42 ,4.52 ,4.03 ,4.04 ,4.24 ,4.98 ,6.50 ,2.73 ,3.24 ,2.83 ,2.81 ,2.96 ,2.68 ,2.38 ,2.20 ,2.92 ,2.85 ,2.07 ,2.16 ,2.38 ,2.06 ,2.11 ,2.10 ,2.47 ,3.02 
2016,10,5.86 ,7.44 ,6.20 ,6.05 ,6.02 ,5.18 ,4.72 ,5.00 ,5.66 ,6.10 ,4.48 ,4.59 ,4.40 ,4.07 ,4.20 ,4.27 ,5.13 ,5.71 ,2.74 ,3.14 ,2.90 ,2.89 ,2.93 ,2.55 ,2.27 ,2.24 ,2.75 ,2.87 ,2.19 ,2.34 ,2.18 ,2.07 ,2.19 ,2.13 ,2.54 ,2.78 
2016,11,5.89 ,7.63 ,5.84 ,5.95 ,5.89 ,5.22 ,4.98 ,5.27 ,5.65 ,6.31 ,4.45 ,4.28 ,4.48 ,4.42 ,4.19 ,4.37 ,5.00 ,5.65 ,2.90 ,3.43 ,2.92 ,3.05 ,3.06 ,2.67 ,2.53 ,2.54 ,2.61 ,3.07 ,2.32 ,2.28 ,2.36 ,2.32 ,2.27 ,2.33 ,2.63 ,3.08 
2016,12,5.83 ,7.85 ,6.03 ,6.11 ,6.14 ,5.45 ,5.19 ,5.46 ,6.14 ,5.80 ,4.22 ,4.53 ,4.76 ,4.73 ,4.41 ,4.37 ,5.05 ,6.58 ,2.92 ,3.58 ,3.17 ,3.18 ,3.19 ,2.81 ,2.81 ,2.79 ,3.00 ,2.85 ,2.26 ,2.48 ,2.58 ,2.44 ,2.43 ,2.35 ,2.71 ,3.60 
2017,1,6.23 ,8.50 ,6.64 ,5.93 ,6.32 ,5.37 ,5.14 ,5.12 ,6.27 ,6.31 ,4.43 ,4.77 ,5.02 ,4.45 ,4.33 ,4.67 ,5.11 ,6.39 ,3.03 ,3.75 ,3.15 ,2.95 ,3.13 ,2.62 ,2.58 ,2.82 ,2.71 ,3.08 ,2.40 ,2.58 ,2.71 ,2.30 ,2.22 ,2.56 ,2.56 ,3.42 
2017,2,5.99 ,8.03 ,6.68 ,5.66 ,6.57 ,5.66 ,5.14 ,5.26 ,5.95 ,6.27 ,4.35 ,4.84 ,4.62 ,4.27 ,3.94 ,4.55 ,5.03 ,6.48 ,2.94 ,3.49 ,3.11 ,2.94 ,3.20 ,2.96 ,2.66 ,2.63 ,2.84 ,3.08 ,2.32 ,2.67 ,2.35 ,2.35 ,2.04 ,2.46 ,2.61 ,3.55 
2017,3,5.86 ,7.48 ,6.01 ,5.57 ,6.33 ,5.64 ,4.94 ,5.32 ,5.74 ,6.55 ,4.18 ,4.64 ,4.67 ,4.02 ,4.02 ,4.55 ,4.98 ,6.95 ,2.90 ,3.44 ,2.87 ,2.95 ,3.12 ,2.79 ,2.51 ,2.67 ,2.76 ,3.17 ,2.16 ,2.39 ,2.46 ,2.18 ,2.19 ,2.46 ,2.57 ,3.62 
2017,4,5.62 ,7.19 ,5.85 ,5.65 ,5.65 ,5.11 ,5.35 ,5.67 ,6.23 ,6.11 ,4.26 ,4.43 ,4.44 ,3.98 ,3.93 ,4.44 ,5.08 ,6.88 ,2.83 ,3.32 ,2.92 ,2.86 ,2.87 ,2.70 ,2.74 ,2.95 ,3.15 ,2.97 ,2.10 ,2.44 ,2.41 ,2.08 ,2.18 ,2.43 ,2.70 ,3.56 
2017,5,5.73 ,7.22 ,5.75 ,5.98 ,5.58 ,5.17 ,5.57 ,5.27 ,6.01 ,6.11 ,4.29 ,4.25 ,4.50 ,4.20 ,3.98 ,4.06 ,5.54 ,6.49 ,2.88 ,3.28 ,2.92 ,2.97 ,2.95 ,2.64 ,2.92 ,2.70 ,3.15 ,3.01 ,2.23 ,2.25 ,2.41 ,2.30 ,2.09 ,2.20 ,2.92 ,3.25 
2017,6,5.93 ,7.70 ,6.22 ,6.19 ,5.91 ,5.17 ,5.38 ,5.60 ,6.28 ,6.38 ,4.70 ,4.34 ,4.65 ,4.50 ,4.13 ,4.28 ,5.38 ,6.47 ,2.90 ,3.39 ,2.98 ,2.90 ,2.94 ,2.59 ,2.79 ,2.64 ,3.03 ,3.09 ,2.23 ,2.27 ,2.43 ,2.42 ,2.16 ,2.31 ,2.85 ,3.17 
2017,7,5.90 ,7.99 ,6.44 ,5.92 ,6.03 ,5.19 ,5.43 ,5.35 ,6.49 ,6.40 ,4.71 ,4.60 ,4.95 ,4.70 ,4.02 ,4.80 ,5.29 ,6.36 ,2.87 ,3.47 ,3.08 ,2.76 ,2.96 ,2.53 ,2.72 ,2.50 ,2.95 ,3.05 ,2.41 ,2.22 ,2.51 ,2.48 ,2.17 ,2.73 ,2.71 ,2.96 
2017,8,6.17 ,8.22 ,6.45 ,5.87 ,6.06 ,5.58 ,5.34 ,5.81 ,6.33 ,6.59 ,4.30 ,4.51 ,4.93 ,4.38 ,4.16 ,5.14 ,5.86 ,6.94 ,2.92 ,3.50 ,3.00 ,2.93 ,2.89 ,2.74 ,2.70 ,2.65 ,2.61 ,3.04 ,2.07 ,2.24 ,2.55 ,2.35 ,2.15 ,2.79 ,2.88 ,2.54 
2017,9,6.15 ,8.08 ,6.25 ,5.98 ,6.32 ,5.39 ,5.79 ,5.67 ,6.30 ,6.63 ,4.34 ,4.39 ,4.95 ,4.37 ,4.74 ,5.01 ,5.61 ,6.70 ,2.95 ,3.36 ,2.95 ,2.89 ,2.98 ,2.72 ,3.04 ,2.89 ,2.75 ,3.13 ,2.09 ,2.18 ,2.56 ,2.30 ,2.44 ,2.78 ,2.88 ,2.70 
2017,10,6.19 ,8.06 ,6.52 ,6.19 ,6.39 ,5.41 ,5.46 ,5.88 ,5.88 ,6.69 ,4.85 ,4.37 ,5.07 ,3.97 ,4.67 ,4.68 ,5.25 ,6.16 ,3.07 ,3.56 ,3.14 ,3.17 ,3.18 ,2.86 ,2.76 ,3.00 ,2.86 ,3.23 ,2.81 ,2.34 ,2.85 ,2.07 ,2.49 ,2.66 ,2.80 ,3.06 
2017,11,6.20 ,8.22 ,6.21 ,6.34 ,6.66 ,5.42 ,5.23 ,5.82 ,6.81 ,6.83 ,5.01 ,4.52 ,4.83 ,4.71 ,3.96 ,4.64 ,5.27 ,6.72 ,3.10 ,3.56 ,3.04 ,3.23 ,3.25 ,2.85 ,2.75 ,2.90 ,3.08 ,3.38 ,2.71 ,2.43 ,2.66 ,2.57 ,2.14 ,2.72 ,2.77 ,3.45 
2017,12,6.23 ,8.46 ,6.03 ,6.57 ,6.60 ,5.43 ,5.44 ,5.61 ,6.72 ,6.67 ,4.90 ,4.62 ,4.82 ,4.91 ,4.22 ,4.58 ,5.44 ,6.49 ,3.13 ,3.72 ,3.03 ,3.33 ,3.30 ,2.81 ,2.98 ,3.01 ,2.97 ,3.27 ,2.69 ,2.77 ,2.69 ,2.70 ,2.28 ,2.65 ,2.88 ,3.69 
2018,1,6.21 ,8.30 ,6.07 ,6.41 ,6.85 ,5.64 ,5.58 ,5.88 ,7.47 ,6.62 ,4.53 ,4.49 ,5.34 ,5.45 ,4.15 ,4.55 ,5.37 ,5.73 ,3.09 ,3.61 ,2.90 ,3.08 ,3.26 ,3.07 ,2.99 ,2.94 ,3.83 ,3.20 ,2.41 ,2.68 ,2.96 ,2.93 ,2.21 ,2.67 ,2.91 ,2.92 
2018,2,6.26 ,8.32 ,6.58 ,6.55 ,6.60 ,5.51 ,5.21 ,5.72 ,6.89 ,6.71 ,4.73 ,4.85 ,5.18 ,5.35 ,4.42 ,4.65 ,5.43 ,6.40 ,3.12 ,3.52 ,3.22 ,3.27 ,3.21 ,2.96 ,2.69 ,3.02 ,3.49 ,3.23 ,2.63 ,2.75 ,2.97 ,2.93 ,2.44 ,2.68 ,2.90 ,3.50 
2018,3,6.33 ,8.30 ,6.42 ,6.28 ,6.30 ,5.54 ,5.50 ,5.29 ,6.59 ,6.81 ,4.12 ,5.26 ,5.27 ,5.28 ,4.68 ,4.64 ,5.31 ,6.31 ,3.15 ,3.67 ,3.18 ,3.14 ,3.07 ,2.98 ,2.85 ,2.74 ,3.36 ,3.26 ,2.31 ,3.01 ,2.95 ,2.89 ,2.54 ,2.69 ,2.90 ,3.10 
2018,4,6.01 ,8.13 ,6.19 ,6.23 ,6.54 ,5.39 ,5.35 ,5.07 ,6.47 ,6.54 ,4.33 ,4.82 ,5.05 ,4.69 ,3.95 ,4.39 ,5.18 ,6.12 ,3.01 ,3.53 ,3.08 ,3.14 ,3.10 ,2.93 ,2.85 ,2.84 ,3.13 ,3.17 ,2.41 ,2.74 ,2.89 ,2.53 ,2.21 ,2.54 ,2.82 ,2.91 
2018,5,5.84 ,7.73 ,5.90 ,5.98 ,5.96 ,5.32 ,5.34 ,4.83 ,6.02 ,6.38 ,4.49 ,4.33 ,4.71 ,4.07 ,4.00 ,4.00 ,4.96 ,5.97 ,2.92 ,3.45 ,2.95 ,2.97 ,2.90 ,2.72 ,2.82 ,2.55 ,2.88 ,3.09 ,2.63 ,2.52 ,2.72 ,2.24 ,2.16 ,2.28 ,2.70 ,3.26 
2018,6,5.75 ,7.67 ,5.54 ,6.04 ,5.80 ,4.84 ,5.24 ,4.90 ,6.61 ,6.33 ,4.02 ,4.16 ,4.85 ,3.99 ,4.29 ,4.54 ,5.00 ,5.60 ,2.93 ,3.39 ,2.73 ,3.05 ,2.91 ,2.60 ,2.86 ,2.60 ,3.27 ,3.14 ,2.37 ,2.36 ,2.74 ,2.19 ,2.34 ,2.64 ,2.81 ,2.86 
2018,7,5.70 ,7.49 ,5.63 ,5.74 ,5.99 ,5.23 ,5.17 ,4.84 ,6.86 ,6.33 ,4.01 ,3.98 ,4.46 ,4.14 ,4.26 ,4.26 ,4.63 ,5.98 ,2.89 ,3.38 ,2.80 ,2.93 ,3.01 ,2.81 ,2.82 ,2.74 ,3.13 ,3.07 ,2.30 ,2.29 ,2.56 ,2.37 ,2.35 ,2.50 ,2.68 ,3.00 
2018,8,5.72 ,7.56 ,5.52 ,5.77 ,5.41 ,5.11 ,5.41 ,5.06 ,6.46 ,6.17 ,4.09 ,4.64 ,4.51 ,4.50 ,4.36 ,4.73 ,4.93 ,5.07 ,2.87 ,3.44 ,2.47 ,2.80 ,2.71 ,2.75 ,2.91 ,2.80 ,3.31 ,2.98 ,2.38 ,2.66 ,2.62 ,2.49 ,2.31 ,2.67 ,2.74 ,2.50 
2018,9,5.70 ,7.39 ,5.68 ,6.01 ,5.41 ,5.17 ,5.16 ,4.75 ,6.32 ,6.28 ,4.39 ,4.62 ,4.43 ,3.99 ,4.24 ,4.41 ,4.99 ,5.43 ,2.86 ,3.30 ,2.74 ,3.04 ,2.64 ,2.55 ,2.62 ,2.37 ,3.21 ,3.08 ,2.52 ,2.67 ,2.49 ,2.27 ,2.36 ,2.47 ,2.64 ,2.69 
2018,10,5.92 ,7.72 ,5.83 ,6.04 ,6.01 ,5.34 ,5.17 ,5.31 ,7.20 ,6.42 ,4.48 ,5.01 ,4.86 ,4.24 ,4.47 ,4.34 ,4.63 ,6.03 ,2.95 ,3.50 ,2.83 ,2.86 ,2.92 ,2.77 ,2.66 ,2.72 ,3.34 ,3.10 ,2.44 ,2.82 ,2.75 ,2.39 ,2.58 ,2.42 ,2.52 ,3.08 
2018,11,6.00 ,7.82 ,6.00 ,6.32 ,6.29 ,5.58 ,5.20 ,5.93 ,6.96 ,6.53 ,4.56 ,4.91 ,4.98 ,4.50 ,4.39 ,4.37 ,4.90 ,5.99 ,3.00 ,3.61 ,2.81 ,3.16 ,3.02 ,2.91 ,2.75 ,2.94 ,3.40 ,3.15 ,2.53 ,2.81 ,2.81 ,2.44 ,2.43 ,2.43 ,2.69 ,3.17 
2018,12,5.89 ,7.85 ,6.10 ,6.36 ,6.24 ,5.24 ,5.40 ,5.76 ,7.32 ,6.54 ,4.52 ,4.92 ,4.83 ,4.25 ,4.32 ,4.70 ,4.84 ,5.53 ,3.04 ,3.68 ,2.98 ,3.19 ,3.25 ,2.66 ,2.87 ,3.02 ,3.26 ,3.19 ,2.58 ,2.95 ,2.71 ,2.40 ,2.49 ,2.85 ,2.73 ,3.22 
2019,1,5.79 ,7.77 ,6.16 ,6.37 ,6.18 ,5.66 ,5.04 ,5.45 ,6.03 ,6.44 ,4.42 ,4.76 ,4.49 ,4.70 ,4.16 ,4.85 ,5.22 ,5.89 ,2.98 ,3.55 ,2.86 ,3.08 ,3.16 ,2.91 ,2.70 ,3.14 ,2.50 ,3.16 ,2.61 ,2.76 ,2.51 ,2.68 ,2.20 ,2.92 ,2.85 ,2.92 
2019,2,5.85 ,7.73 ,6.56 ,6.24 ,6.29 ,5.39 ,5.47 ,5.54 ,6.48 ,6.60 ,4.52 ,4.68 ,4.61 ,4.68 ,4.02 ,4.58 ,5.10 ,5.91 ,3.04 ,3.67 ,3.19 ,3.14 ,3.19 ,2.80 ,2.97 ,3.03 ,3.07 ,3.27 ,2.74 ,2.74 ,2.57 ,2.67 ,2.38 ,2.73 ,2.89 ,2.90 
2019,3,5.78 ,8.06 ,6.28 ,6.02 ,6.21 ,5.49 ,4.98 ,5.70 ,6.53 ,6.42 ,4.50 ,4.18 ,4.48 ,4.58 ,4.26 ,4.53 ,5.25 ,5.65 ,2.96 ,3.59 ,3.01 ,2.89 ,3.15 ,2.86 ,2.66 ,2.99 ,3.25 ,3.17 ,2.43 ,2.38 ,2.52 ,2.59 ,2.34 ,2.61 ,3.01 ,3.27 
2019,4,5.70 ,7.73 ,5.98 ,5.88 ,5.71 ,5.10 ,5.25 ,5.45 ,6.02 ,6.51 ,4.37 ,3.91 ,4.50 ,4.15 ,4.21 ,4.03 ,5.18 ,5.78 ,2.87 ,3.36 ,2.95 ,2.91 ,2.92 ,2.61 ,2.71 ,2.78 ,3.02 ,3.11 ,2.42 ,2.21 ,2.45 ,2.44 ,2.36 ,2.42 ,2.93 ,2.70 
2019,5,5.64 ,7.37 ,6.01 ,6.26 ,5.80 ,5.64 ,5.21 ,5.47 ,6.88 ,6.36 ,4.30 ,4.41 ,4.28 ,4.07 ,4.45 ,4.08 ,5.01 ,5.74 ,2.87 ,3.49 ,2.92 ,3.08 ,2.97 ,2.75 ,2.76 ,2.73 ,3.43 ,3.04 ,2.63 ,2.51 ,2.40 ,2.29 ,2.48 ,2.33 ,2.78 ,2.84 
2019,6,5.79 ,7.76 ,6.26 ,6.26 ,5.99 ,5.53 ,5.25 ,5.37 ,6.36 ,6.35 ,4.43 ,4.09 ,4.24 ,4.38 ,4.30 ,4.51 ,5.17 ,5.30 ,2.97 ,3.55 ,2.96 ,3.06 ,3.01 ,2.89 ,2.71 ,2.92 ,3.12 ,3.21 ,2.63 ,2.27 ,2.46 ,2.49 ,2.44 ,2.53 ,2.82 ,2.81 
2019,7,5.79 ,7.89 ,5.81 ,6.39 ,5.91 ,5.52 ,5.35 ,4.98 ,6.49 ,6.33 ,4.25 ,4.02 ,4.27 ,4.39 ,4.21 ,3.96 ,4.94 ,5.70 ,2.98 ,3.77 ,2.89 ,3.17 ,3.06 ,2.95 ,2.84 ,2.74 ,2.98 ,3.19 ,2.47 ,2.31 ,2.43 ,2.42 ,2.42 ,2.28 ,2.67 ,3.17 
2019,8,5.81 ,8.19 ,5.83 ,5.87 ,6.10 ,5.57 ,5.06 ,5.05 ,6.72 ,6.34 ,4.17 ,4.69 ,4.51 ,4.08 ,4.31 ,4.31 ,4.78 ,6.24 ,3.02 ,3.86 ,2.92 ,2.95 ,3.19 ,2.91 ,2.68 ,2.75 ,3.29 ,3.23 ,2.47 ,2.78 ,2.56 ,2.29 ,2.50 ,2.41 ,2.66 ,3.22 
2019,9,5.93 ,8.27 ,6.05 ,6.07 ,5.96 ,5.62 ,5.22 ,4.98 ,6.41 ,6.57 ,3.99 ,4.47 ,4.40 ,4.13 ,4.28 ,4.33 ,4.66 ,6.67 ,3.10 ,3.98 ,3.03 ,3.15 ,3.17 ,2.98 ,2.79 ,2.67 ,3.12 ,3.40 ,2.25 ,2.60 ,2.44 ,2.32 ,2.48 ,2.45 ,2.59 ,3.28 
2019,10,5.51 ,8.42 ,5.64 ,6.27 ,5.77 ,5.51 ,4.82 ,4.78 ,6.75 ,6.18 ,3.77 ,4.26 ,3.98 ,4.07 ,3.95 ,3.79 ,4.35 ,4.84 ,2.81 ,4.00 ,2.77 ,3.11 ,3.00 ,2.85 ,2.45 ,2.53 ,3.25 ,3.13 ,1.93 ,2.40 ,2.15 ,2.17 ,2.10 ,2.05 ,2.35 ,2.45 
2019,11,4.87 ,7.79 ,5.12 ,5.73 ,5.05 ,5.07 ,4.40 ,4.14 ,6.47 ,5.55 ,3.54 ,3.47 ,3.67 ,3.68 ,3.64 ,3.46 ,3.82 ,5.11 ,2.43 ,3.50 ,2.52 ,2.79 ,2.58 ,2.50 ,2.19 ,2.17 ,2.91 ,2.75 ,1.80 ,1.86 ,1.99 ,1.96 ,1.86 ,1.84 ,2.00 ,2.40 
2019,12,4.92 ,6.55 ,5.02 ,5.55 ,5.00 ,5.07 ,4.97 ,4.23 ,6.67 ,5.30 ,3.80 ,3.61 ,3.81 ,3.89 ,4.07 ,3.57 ,4.04 ,5.62 ,2.45 ,3.01 ,2.45 ,2.67 ,2.55 ,2.49 ,2.43 ,2.19 ,2.96 ,2.66 ,1.94 ,1.88 ,2.02 ,2.03 ,2.11 ,1.85 ,2.11 ,2.60 
2020,1,4.47 ,5.44 ,4.84 ,5.16 ,4.39 ,4.76 ,4.52 ,4.11 ,5.61 ,4.63 ,3.83 ,3.44 ,3.64 ,3.78 ,3.75 ,3.54 ,3.99 ,4.89 ,2.23 ,2.59 ,2.27 ,2.43 ,2.23 ,2.20 ,2.14 ,2.09 ,2.63 ,2.39 ,1.90 ,1.76 ,1.87 ,1.94 ,1.85 ,1.80 ,2.02 ,2.13 
2020,2,4.45 ,5.02 ,5.04 ,4.92 ,4.49 ,4.52 ,4.36 ,3.90 ,6.14 ,4.67 ,4.06 ,3.82 ,3.83 ,3.65 ,3.79 ,3.52 ,3.86 ,4.81 ,2.16 ,2.39 ,2.34 ,2.17 ,2.20 ,2.01 ,1.99 ,1.96 ,2.69 ,2.34 ,1.96 ,1.87 ,1.89 ,1.83 ,1.68 ,1.69 ,1.91 ,2.07 
2020,3,4.76 ,5.12 ,5.22 ,5.20 ,4.76 ,5.04 ,4.74 ,4.11 ,4.78 ,5.01 ,4.33 ,4.05 ,3.98 ,4.07 ,4.10 ,4.07 ,4.44 ,5.04 ,2.33 ,2.47 ,2.42 ,2.34 ,2.35 ,2.20 ,2.14 ,1.95 ,2.22 ,2.56 ,2.13 ,1.98 ,2.03 ,1.97 ,1.89 ,1.95 ,2.23 ,2.27 
2020,4,4.83 ,4.95 ,5.67 ,5.91 ,4.78 ,5.41 ,5.40 ,4.44 ,3.96 ,5.03 ,4.59 ,4.12 ,4.14 ,4.02 ,3.89 ,4.11 ,4.05 ,4.69 ,2.34 ,2.36 ,2.66 ,2.59 ,2.30 ,2.21 ,2.31 ,2.31 ,1.73 ,2.54 ,2.13 ,2.09 ,2.14 ,2.11 ,1.94 ,1.97 ,2.06 ,1.85 
2020,5,4.56 ,4.88 ,7.01 ,5.44 ,4.56 ,3.16 ,4.72 ,5.77 ,0.00 ,4.35 ,5.27 ,2.16 ,3.51 ,3.67 ,3.87 ,3.75 ,4.74 ,4.56 ,2.22 ,2.58 ,2.56 ,2.29 ,2.32 ,1.83 ,2.21 ,3.04 ,0.00 ,2.23 ,2.44 ,1.08 ,1.65 ,1.04 ,1.68 ,1.99 ,2.17 ,0.96 
